{"v":"5.6.3","fr":30,"ip":0,"op":210,"w":400,"h":500,"nm":"Final","ddd":0,"assets":[{"id":"comp_0","layers":[{"ddd":0,"ind":1,"ty":4,"nm":"Head_cupola","sr":1,"ks":{"o":{"a":1,"k":[{"i":{"x":[0.667],"y":[1]},"o":{"x":[0.333],"y":[0]},"t":13,"s":[100]},{"i":{"x":[0.667],"y":[1]},"o":{"x":[0.167],"y":[0]},"t":27,"s":[0]},{"i":{"x":[0.833],"y":[1]},"o":{"x":[0.167],"y":[0]},"t":163,"s":[0]},{"t":180,"s":[100]}],"ix":11},"r":{"a":0,"k":0,"ix":10},"p":{"a":1,"k":[{"i":{"x":0.667,"y":1},"o":{"x":0.333,"y":0},"t":0,"s":[250,250,0],"to":[-8.833,-22.667,0],"ti":[8.833,22.667,0]},{"i":{"x":0.667,"y":0.667},"o":{"x":0.333,"y":0.333},"t":20,"s":[197,114,0],"to":[0,0,0],"ti":[0,0,0]},{"i":{"x":0.667,"y":1},"o":{"x":0.333,"y":0},"t":170,"s":[197,114,0],"to":[8.833,22.667,0],"ti":[-8.833,-22.667,0]},{"t":189,"s":[250,250,0]}],"ix":2},"a":{"a":0,"k":[0,0,0],"ix":1},"s":{"a":0,"k":[100,100,100],"ix":6}},"ao":0,"shapes":[{"ty":"gr","it":[{"ind":0,"ty":"sh","ix":1,"ks":{"a":0,"k":{"i":[[0.25,0],[25.125,-17.75],[0,0],[0,0],[0,0],[4.25,6]],"o":[[-0.25,0],[-24.149,17.061],[0,0],[0,0],[0,0],[-4.25,-6]],"v":[[6.75,-47.25],[-71.75,-32.25],[-95.75,26.75],[-21.25,-4.125],[50,-15.25],[34.75,-38.75]],"c":true},"ix":2},"nm":"Path 1","mn":"ADBE Vector Shape - Group","hd":false},{"ty":"st","c":{"a":0,"k":[0.949019667682,0.560784313725,0.384313755409,1],"ix":3},"o":{"a":0,"k":100,"ix":4},"w":{"a":0,"k":1,"ix":5},"lc":1,"lj":1,"ml":4,"bm":0,"nm":"Stroke 1","mn":"ADBE Vector Graphic - Stroke","hd":false},{"ty":"fl","c":{"a":0,"k":[0.949019667682,0.560784313725,0.384313755409,1],"ix":4},"o":{"a":0,"k":100,"ix":5},"r":1,"bm":0,"nm":"Fill 1","mn":"ADBE Vector Graphic - Fill","hd":false},{"ty":"tr","p":{"a":0,"k":[0,0],"ix":2},"a":{"a":0,"k":[0,0],"ix":1},"s":{"a":0,"k":[100,100],"ix":3},"r":{"a":0,"k":0,"ix":6},"o":{"a":0,"k":100,"ix":7},"sk":{"a":0,"k":0,"ix":4},"sa":{"a":0,"k":0,"ix":5},"nm":"Transform"}],"nm":"Shape 1","np":3,"cix":2,"bm":0,"ix":1,"mn":"ADBE Vector Group","hd":false}],"ip":0,"op":213,"st":0,"bm":0},{"ddd":0,"ind":2,"ty":4,"nm":"HEAD","sr":1,"ks":{"o":{"a":0,"k":100,"ix":11},"r":{"a":0,"k":0,"ix":10},"p":{"a":0,"k":[250,250,0],"ix":2},"a":{"a":0,"k":[0,0,0],"ix":1},"s":{"a":0,"k":[100,100,100],"ix":6}},"ao":0,"shapes":[{"ty":"gr","it":[{"ind":0,"ty":"sh","ix":1,"ks":{"a":0,"k":{"i":[[0,0],[0,0],[0,0]],"o":[[0,0],[0,0],[0,0]],"v":[[-71.578,95.794],[-73.895,91.444],[-90.543,96.909]],"c":true},"ix":2},"nm":"Path 1","mn":"ADBE Vector Shape - Group","hd":false},{"ty":"gf","o":{"a":0,"k":100,"ix":10},"r":1,"bm":0,"g":{"p":5,"k":{"a":0,"k":[0.224,0.761,0.404,0.306,0.423,0.761,0.404,0.306,0.622,0.761,0.404,0.306,0.811,0.761,0.404,0.306,1,0.761,0.404,0.306,0.224,0,0.423,0.25,0.622,0.5,0.811,0.75,1,1],"ix":9}},"s":{"a":0,"k":[-94,101],"ix":5},"e":{"a":0,"k":[-71.109,92.156],"ix":6},"t":1,"nm":"Gradient Fill 1","mn":"ADBE Vector Graphic - G-Fill","hd":false},{"ty":"tr","p":{"a":0,"k":[0,0],"ix":2},"a":{"a":0,"k":[0,0],"ix":1},"s":{"a":0,"k":[100,100],"ix":3},"r":{"a":0,"k":0,"ix":6},"o":{"a":0,"k":100,"ix":7},"sk":{"a":0,"k":0,"ix":4},"sa":{"a":0,"k":0,"ix":5},"nm":"Transform"}],"nm":"Group 1","np":2,"cix":2,"bm":0,"ix":1,"mn":"ADBE Vector Group","hd":false},{"ty":"gr","it":[{"ind":0,"ty":"sh","ix":1,"ks":{"a":0,"k":{"i":[[0,0],[0,0],[0,0],[-8.495,8.929],[0,0]],"o":[[0,0],[0,0],[0,0],[8.495,-8.929],[0,0]],"v":[[3.86,57.792],[-19.101,84.021],[-10.094,126.793],[27.24,104.637],[47.883,40.82]],"c":true},"ix":2},"nm":"Path 1","mn":"ADBE Vector Shape - Group","hd":false},{"ty":"gf","o":{"a":0,"k":100,"ix":10},"r":1,"bm":0,"g":{"p":5,"k":{"a":0,"k":[0,0.761,0.404,0.306,0.189,0.761,0.404,0.306,0.378,0.761,0.404,0.306,0.577,0.761,0.404,0.306,0.776,0.761,0.404,0.306,0,1,0.189,0.75,0.378,0.5,0.577,0.25,0.776,0],"ix":9}},"s":{"a":0,"k":[-48.017,50.031],"ix":5},"e":{"a":0,"k":[28.704,88.112],"ix":6},"t":1,"nm":"Gradient Fill 1","mn":"ADBE Vector Graphic - G-Fill","hd":false},{"ty":"tr","p":{"a":0,"k":[0,0],"ix":2},"a":{"a":0,"k":[0,0],"ix":1},"s":{"a":0,"k":[100,100],"ix":3},"r":{"a":0,"k":0,"ix":6},"o":{"a":0,"k":50,"ix":7},"sk":{"a":0,"k":0,"ix":4},"sa":{"a":0,"k":0,"ix":5},"nm":"Transform"}],"nm":"Group 2","np":2,"cix":2,"bm":0,"ix":2,"mn":"ADBE Vector Group","hd":false},{"ty":"gr","it":[{"ind":0,"ty":"sh","ix":1,"ks":{"a":1,"k":[{"i":{"x":0.833,"y":0.833},"o":{"x":0.167,"y":0.167},"t":65,"s":[{"i":[[0,0],[0,0],[-7.469,14.365],[0,0],[0,0],[0,0]],"o":[[0,0],[14.4,-7.4],[0,0],[0,0],[0,0],[0,0]],"v":[[-11.892,132.609],[11.078,120.806],[44.693,87.351],[49.309,78.472],[56.064,118.311],[-2.168,160.012]],"c":true}]},{"i":{"x":0.833,"y":0.833},"o":{"x":0.167,"y":0.167},"t":120,"s":[{"i":[[0,0],[0,0],[-7.469,14.365],[0,0],[0,0],[0,0]],"o":[[0,0],[14.4,-7.4],[0,0],[0,0],[0,0],[0,0]],"v":[[-11.892,132.609],[11.078,120.806],[44.693,87.351],[49.309,78.472],[56.064,118.311],[1.082,170.012]],"c":true}]},{"t":180,"s":[{"i":[[0,0],[0,0],[-7.469,14.365],[0,0],[0,0],[0,0]],"o":[[0,0],[14.4,-7.4],[0,0],[0,0],[0,0],[0,0]],"v":[[-11.892,132.609],[11.078,120.806],[44.693,87.351],[49.309,78.472],[56.064,118.311],[-2.168,160.012]],"c":true}]}],"ix":2},"nm":"Path 1","mn":"ADBE Vector Shape - Group","hd":false},{"ty":"gf","o":{"a":0,"k":100,"ix":10},"r":1,"bm":0,"g":{"p":5,"k":{"a":0,"k":[0,0.761,0.404,0.306,0.189,0.761,0.404,0.306,0.378,0.761,0.404,0.306,0.577,0.761,0.404,0.306,0.776,0.761,0.404,0.306,0,1,0.189,0.75,0.378,0.5,0.577,0.25,0.776,0],"ix":9}},"s":{"a":0,"k":[-12,119],"ix":5},"e":{"a":0,"k":[55.955,119],"ix":6},"t":1,"nm":"Gradient Fill 1","mn":"ADBE Vector Graphic - G-Fill","hd":false},{"ty":"tr","p":{"a":0,"k":[0,0],"ix":2},"a":{"a":0,"k":[0,0],"ix":1},"s":{"a":0,"k":[100,100],"ix":3},"r":{"a":0,"k":0,"ix":6},"o":{"a":0,"k":100,"ix":7},"sk":{"a":0,"k":0,"ix":4},"sa":{"a":0,"k":0,"ix":5},"nm":"Transform"}],"nm":"Group 3","np":2,"cix":2,"bm":0,"ix":3,"mn":"ADBE Vector Group","hd":false},{"ty":"gr","it":[{"ind":0,"ty":"sh","ix":1,"ks":{"a":1,"k":[{"i":{"x":0.833,"y":0.833},"o":{"x":0.167,"y":0.167},"t":65,"s":[{"i":[[0,0],[-88.135,3.905],[16.756,-38.211],[0,0],[0,0],[0,0],[0,0],[0,0],[0,0],[0,0],[0,0],[0,1.532]],"o":[[0,0],[0,0],[0,0],[0,0],[0,0],[0,0],[0,0],[0,0],[0,0],[0,0],[-1.265,-0.865],[0,0]],"v":[[-95.564,26.067],[50.026,-15.211],[54.518,74.01],[71.352,107.362],[-2.168,160.012],[-11.892,132.609],[-49.823,149.902],[-71.578,95.794],[-90.543,96.909],[-84.965,56.747],[-93.543,50.878],[-95.564,47.047]],"c":true}]},{"i":{"x":0.833,"y":0.833},"o":{"x":0.167,"y":0.167},"t":120,"s":[{"i":[[0,0],[-88.135,3.905],[16.756,-38.211],[0,0],[0,0],[0,0],[0,0],[0,0],[0,0],[0,0],[0,0],[0,1.532]],"o":[[0,0],[0,0],[0,0],[0,0],[0,0],[0,0],[0,0],[0,0],[0,0],[0,0],[-1.265,-0.865],[0,0]],"v":[[-95.564,26.067],[50.026,-15.211],[54.518,74.01],[71.352,107.362],[1.082,170.012],[-11.892,132.609],[-49.823,149.902],[-71.578,95.794],[-90.543,96.909],[-84.965,56.747],[-93.543,50.878],[-95.564,47.047]],"c":true}]},{"t":180,"s":[{"i":[[0,0],[-88.135,3.905],[16.756,-38.211],[0,0],[0,0],[0,0],[0,0],[0,0],[0,0],[0,0],[0,0],[0,1.532]],"o":[[0,0],[0,0],[0,0],[0,0],[0,0],[0,0],[0,0],[0,0],[0,0],[0,0],[-1.265,-0.865],[0,0]],"v":[[-95.564,26.067],[50.026,-15.211],[54.518,74.01],[71.352,107.362],[-2.168,160.012],[-11.892,132.609],[-49.823,149.902],[-71.578,95.794],[-90.543,96.909],[-84.965,56.747],[-93.543,50.878],[-95.564,47.047]],"c":true}]}],"ix":2},"nm":"Path 1","mn":"ADBE Vector Shape - Group","hd":false},{"ty":"fl","c":{"a":0,"k":[0.949019610882,0.560784339905,0.384313732386,1],"ix":4},"o":{"a":0,"k":100,"ix":5},"r":1,"bm":0,"nm":"Fill 1","mn":"ADBE Vector Graphic - Fill","hd":false},{"ty":"tr","p":{"a":0,"k":[0,0],"ix":2},"a":{"a":0,"k":[0,0],"ix":1},"s":{"a":0,"k":[100,100],"ix":3},"r":{"a":0,"k":0,"ix":6},"o":{"a":0,"k":100,"ix":7},"sk":{"a":0,"k":0,"ix":4},"sa":{"a":0,"k":0,"ix":5},"nm":"Transform"}],"nm":"Group 4","np":2,"cix":2,"bm":0,"ix":4,"mn":"ADBE Vector Group","hd":false}],"ip":0,"op":213,"st":0,"bm":0},{"ddd":0,"ind":3,"ty":0,"nm":"?? Cloud","refId":"comp_1","sr":1,"ks":{"o":{"a":0,"k":100,"ix":11},"r":{"a":0,"k":0,"ix":10},"p":{"a":1,"k":[{"i":{"x":0.833,"y":0.833},"o":{"x":0.167,"y":0.167},"t":12,"s":[244,324.5,0],"to":[14.5,-75.833,0],"ti":[42.5,6.833,0]},{"t":26,"s":[180.5,194,0]}],"ix":2},"a":{"a":0,"k":[180.5,194,0],"ix":1},"s":{"a":1,"k":[{"i":{"x":[0.667,0.667,0.667],"y":[1,1,1]},"o":{"x":[0.333,0.333,0.333],"y":[0,0,0]},"t":23,"s":[0,0,100]},{"i":{"x":[0.667,0.667,0.667],"y":[1,1,1]},"o":{"x":[0.167,0.167,0.167],"y":[0,0,0]},"t":40,"s":[100,100,100]},{"i":{"x":[0.833,0.833,0.833],"y":[1,1,1]},"o":{"x":[0.167,0.167,0.167],"y":[0,0,0]},"t":131,"s":[100,100,100]},{"t":148,"s":[0,0,100]}],"ix":6}},"ao":0,"ef":[{"ty":5,"nm":"Paint","np":4,"mn":"ADBE Paint","ix":1,"en":1,"ef":[{"ty":7,"nm":"Paint on Transparent","mn":"ADBE Paint On Transparent","ix":1,"v":{"a":0,"k":0,"ix":1}},{"ty":30,"nm":"Strokes","np":1,"mn":"ADBE Paint Group","ix":2,"en":1,"ef":[]}]}],"w":500,"h":500,"ip":0,"op":210,"st":0,"bm":0},{"ddd":0,"ind":4,"ty":0,"nm":"!! Cloud","refId":"comp_2","sr":1,"ks":{"o":{"a":0,"k":100,"ix":11},"r":{"a":0,"k":0,"ix":10},"p":{"a":1,"k":[{"i":{"x":0.833,"y":0.833},"o":{"x":0.167,"y":0.167},"t":14,"s":[222.5,315.5,0],"to":[2.083,-37,0],"ti":[-83.083,-5.5,0]},{"t":28,"s":[312,226,0]}],"ix":2},"a":{"a":0,"k":[312,226,0],"ix":1},"s":{"a":1,"k":[{"i":{"x":[0.667,0.667,0.667],"y":[1,1,1]},"o":{"x":[0.333,0.333,0.333],"y":[0,0,0]},"t":31,"s":[0,0,100]},{"i":{"x":[0.667,0.667,0.667],"y":[1,1,1]},"o":{"x":[0.167,0.167,0.167],"y":[0,0,0]},"t":47,"s":[100,100,100]},{"i":{"x":[0.667,0.667,0.667],"y":[1,1,1]},"o":{"x":[0.167,0.167,0.167],"y":[0,0,0]},"t":136,"s":[100,100,100]},{"t":152,"s":[0,0,100]}],"ix":6}},"ao":0,"w":500,"h":500,"ip":0,"op":210,"st":0,"bm":0},{"ddd":0,"ind":5,"ty":4,"nm":"Lines_dash","sr":1,"ks":{"o":{"a":0,"k":100,"ix":11},"r":{"a":0,"k":0,"ix":10},"p":{"a":1,"k":[{"i":{"x":0.833,"y":0.833},"o":{"x":0.167,"y":0.167},"t":0,"s":[260.5,286.5,0],"to":[-1.75,-6.083,0],"ti":[1.75,6.083,0]},{"i":{"x":0.833,"y":0.833},"o":{"x":0.167,"y":0.167},"t":14,"s":[250,250,0],"to":[0,0,0],"ti":[0,0,0]},{"i":{"x":0.833,"y":0.833},"o":{"x":0.167,"y":0.167},"t":174,"s":[250,250,0],"to":[1.75,6.083,0],"ti":[-1.75,-6.083,0]},{"t":189,"s":[260.5,286.5,0]}],"ix":2},"a":{"a":0,"k":[0,0,0],"ix":1},"s":{"a":0,"k":[100,100,100],"ix":6}},"ao":0,"shapes":[{"ty":"gr","it":[{"ind":0,"ty":"sh","ix":1,"ks":{"a":0,"k":{"i":[[17.426,5.548],[3.927,-0.225],[13.061,4.158],[4.656,-14.626],[-0.579,-4.023],[5.892,-18.508],[-22.591,-7.192],[-8.751,19.776],[-3.054,-0.972],[-5.548,17.426]],"o":[[-3.972,-1.264],[1.788,-13.131],[-14.626,-4.656],[-1.316,4.133],[-18.473,-0.322],[-7.192,22.591],[21.079,6.711],[2.535,1.699],[17.426,5.548],[5.548,-17.426]],"v":[[21.299,-47.281],[9.367,-48.789],[-9.74,-78.989],[-44.653,-60.938],[-45.687,-48.568],[-87.323,-18.668],[-59.442,35.258],[-7.188,11.77],[1.209,15.822],[42.806,-5.685]],"c":true},"ix":2},"nm":"Path 1","mn":"ADBE Vector Shape - Group","hd":false},{"ty":"st","c":{"a":0,"k":[0.7294117647058823,0.9333333333333333,0.5058823529411764,1],"ix":3},"o":{"a":0,"k":100,"ix":4},"w":{"a":0,"k":0.5,"ix":5},"lc":1,"lj":1,"ml":10,"bm":0,"d":[{"n":"d","nm":"dash","v":{"a":0,"k":2,"ix":1}},{"n":"g","nm":"gap","v":{"a":0,"k":2,"ix":2}},{"n":"d","nm":"dash2","v":{"a":0,"k":10,"ix":3}},{"n":"o","nm":"offset","v":{"a":1,"k":[{"i":{"x":[0.833],"y":[0.833]},"o":{"x":[0.167],"y":[0.167]},"t":0,"s":[0]},{"t":209,"s":[229]}],"ix":7}}],"nm":"Stroke 1","mn":"ADBE Vector Graphic - Stroke","hd":false},{"ty":"tr","p":{"a":0,"k":[0,0],"ix":2},"a":{"a":0,"k":[0,0],"ix":1},"s":{"a":0,"k":[100,100],"ix":3},"r":{"a":0,"k":0,"ix":6},"o":{"a":0,"k":100,"ix":7},"sk":{"a":0,"k":0,"ix":4},"sa":{"a":0,"k":0,"ix":5},"nm":"Transform"}],"nm":"Group 1","np":2,"cix":2,"bm":0,"ix":1,"mn":"ADBE Vector Group","hd":false}],"ip":0,"op":213,"st":0,"bm":0},{"ddd":0,"ind":6,"ty":4,"nm":"Gear_03","sr":1,"ks":{"o":{"a":0,"k":100,"ix":11},"r":{"a":1,"k":[{"i":{"x":[0.833],"y":[0.833]},"o":{"x":[0.167],"y":[0.167]},"t":0,"s":[0]},{"t":209,"s":[720]}],"ix":10},"p":{"a":1,"k":[{"i":{"x":0.667,"y":1},"o":{"x":0.333,"y":0},"t":0,"s":[241.829,240.493,0],"to":[-1.667,-7.167,0],"ti":[1.667,7.167,0]},{"i":{"x":0.667,"y":0.667},"o":{"x":0.333,"y":0.333},"t":14,"s":[231.829,197.493,0],"to":[0,0,0],"ti":[0,0,0]},{"i":{"x":0.667,"y":1},"o":{"x":0.333,"y":0},"t":174,"s":[231.829,197.493,0],"to":[1.667,7.167,0],"ti":[-1.667,-7.167,0]},{"t":189,"s":[241.829,240.493,0]}],"ix":2},"a":{"a":0,"k":[17.888,17.887,0],"ix":1},"s":{"a":0,"k":[100,100,100],"ix":6}},"ao":0,"shapes":[{"ty":"gr","it":[{"ind":0,"ty":"sh","ix":1,"ks":{"a":0,"k":{"i":[[-1.459,4.582],[-4.582,-1.459],[1.459,-4.582],[4.582,1.458]],"o":[[1.458,-4.582],[4.582,1.458],[-1.459,4.582],[-4.582,-1.459]],"v":[[-8.296,-2.641],[2.641,-8.296],[8.296,2.642],[-2.641,8.297]],"c":true},"ix":2},"nm":"Path 1","mn":"ADBE Vector Shape - Group","hd":false},{"ind":1,"ty":"sh","ix":2,"ks":{"a":0,"k":{"i":[[0,0],[0,0],[0,0],[-0.7,0.115],[0,0],[0,0],[0,0],[-0.419,0.584],[0,0],[0,0],[0,0],[0,0],[0.116,0.7],[0,0],[0,0],[0,0],[0.584,0.42],[0,0],[0,0],[0,0],[0.7,-0.116],[0,0],[0,0],[0,0],[0.419,-0.584],[0,0],[0,0],[0,0],[0,0],[-0.115,-0.7],[0,0],[0,0],[0,0],[-0.584,-0.42]],"o":[[0,0],[0,0],[0.719,-0.005],[0,0],[0,0],[0,0],[0.498,-0.505],[0,0],[0,0],[0,0],[0,0],[-0.005,-0.719],[0,0],[0,0],[0,0],[-0.505,-0.498],[0,0],[0,0],[0,0],[-0.719,0.004],[0,0],[0,0],[0,0],[-0.499,0.505],[0,0],[0,0],[0,0],[0,0],[0.005,0.719],[0,0],[0,0],[0,0],[0.505,0.499],[0,0]],"v":[[-8.643,15.491],[-1.904,17.637],[0.092,13.769],[2.225,13.588],[4.841,17.067],[11.126,13.817],[9.801,9.671],[11.18,8.036],[15.492,8.644],[16.564,5.274],[17.637,1.903],[13.768,-0.092],[13.587,-2.224],[17.066,-4.842],[13.818,-11.125],[9.671,-9.801],[8.036,-11.181],[8.643,-15.491],[1.904,-17.637],[-0.092,-13.768],[-2.225,-13.587],[-4.842,-17.066],[-11.126,-13.817],[-9.801,-9.67],[-11.18,-8.035],[-15.492,-8.643],[-16.564,-5.273],[-17.637,-1.903],[-13.768,0.093],[-13.587,2.224],[-17.066,4.842],[-13.818,11.126],[-9.671,9.801],[-8.036,11.181]],"c":true},"ix":2},"nm":"Path 2","mn":"ADBE Vector Shape - Group","hd":false},{"ty":"mm","mm":1,"nm":"Merge Paths 1","mn":"ADBE Vector Filter - Merge","hd":false},{"ty":"fl","c":{"a":0,"k":[0.877725698434,0.926064285578,0.881516759536,1],"ix":4},"o":{"a":0,"k":100,"ix":5},"r":1,"bm":0,"nm":"Fill 1","mn":"ADBE Vector Graphic - Fill","hd":false},{"ty":"tr","p":{"a":0,"k":[17.887,17.887],"ix":2},"a":{"a":0,"k":[0,0],"ix":1},"s":{"a":0,"k":[100,100],"ix":3},"r":{"a":0,"k":0,"ix":6},"o":{"a":0,"k":100,"ix":7},"sk":{"a":0,"k":0,"ix":4},"sa":{"a":0,"k":0,"ix":5},"nm":"Transform"}],"nm":"Group 1","np":6,"cix":2,"bm":0,"ix":1,"mn":"ADBE Vector Group","hd":false}],"ip":0,"op":213,"st":0,"bm":0},{"ddd":0,"ind":7,"ty":4,"nm":"Dot_02","sr":1,"ks":{"o":{"a":0,"k":100,"ix":11},"r":{"a":0,"k":0,"ix":10},"p":{"a":1,"k":[{"i":{"x":0.833,"y":0.833},"o":{"x":0.167,"y":0.167},"t":18,"s":[251.396,180.072,0],"to":[0.018,0.172,0],"ti":[33.428,-15.82,0]},{"i":{"x":0.833,"y":0.833},"o":{"x":0.167,"y":0.167},"t":27.245,"s":[174.458,211.439,0],"to":[-42.138,19.943,0],"ti":[-3.578,-9.074,0]},{"i":{"x":0.833,"y":0.833},"o":{"x":0.167,"y":0.167},"t":36.673,"s":[108.814,260.634,0],"to":[4.765,12.082,0],"ti":[-66.396,26.183,0]},{"i":{"x":0.833,"y":0.833},"o":{"x":0.167,"y":0.167},"t":51.673,"s":[237.662,235.103,0],"to":[66.396,-26.184,0],"ti":[4.765,12.083,0]},{"i":{"x":0.833,"y":0.833},"o":{"x":0.167,"y":0.167},"t":66.673,"s":[349.255,165.816,0],"to":[-4.003,-10.151,0],"ti":[52.496,-17.849,0]},{"i":{"x":0.833,"y":0.833},"o":{"x":0.167,"y":0.167},"t":78,"s":[251.396,179.96,0],"to":[0,0,0],"ti":[33.428,-15.82,0]},{"i":{"x":0.833,"y":0.833},"o":{"x":0.167,"y":0.167},"t":87.211,"s":[174.458,211.439,0],"to":[-42.138,19.943,0],"ti":[-3.578,-9.074,0]},{"i":{"x":0.833,"y":0.833},"o":{"x":0.167,"y":0.167},"t":96.6,"s":[108.814,260.634,0],"to":[4.765,12.082,0],"ti":[-66.396,26.183,0]},{"i":{"x":0.833,"y":0.833},"o":{"x":0.167,"y":0.167},"t":111.537,"s":[237.662,235.103,0],"to":[66.396,-26.184,0],"ti":[4.765,12.083,0]},{"i":{"x":0.833,"y":0.833},"o":{"x":0.167,"y":0.167},"t":126.475,"s":[349.255,165.816,0],"to":[-4.003,-10.151,0],"ti":[52.496,-17.849,0]},{"i":{"x":0.833,"y":0.833},"o":{"x":0.167,"y":0.167},"t":137.755,"s":[251.396,179.96,0],"to":[0,0,0],"ti":[33.428,-15.82,0]},{"i":{"x":0.833,"y":0.833},"o":{"x":0.167,"y":0.167},"t":147.158,"s":[174.458,211.439,0],"to":[-42.138,19.943,0],"ti":[-3.578,-9.074,0]},{"i":{"x":0.833,"y":0.833},"o":{"x":0.167,"y":0.167},"t":156.742,"s":[108.814,260.634,0],"to":[4.765,12.082,0],"ti":[-66.396,26.183,0]},{"i":{"x":0.833,"y":0.833},"o":{"x":0.167,"y":0.167},"t":171.991,"s":[237.662,235.103,0],"to":[66.396,-26.184,0],"ti":[4.765,12.083,0]},{"i":{"x":0.833,"y":0.833},"o":{"x":0.167,"y":0.167},"t":187.239,"s":[349.255,165.816,0],"to":[-4.003,-10.151,0],"ti":[52.496,-17.849,0]},{"t":198.7548828125,"s":[251.396,179.96,0]}],"ix":2},"a":{"a":0,"k":[3.555,3.555,0],"ix":1},"s":{"a":1,"k":[{"i":{"x":[0.833,0.833,0.833],"y":[0.833,0.833,0.833]},"o":{"x":[0.167,0.167,0.167],"y":[0.167,0.167,0.167]},"t":17,"s":[0,0,100]},{"i":{"x":[0.667,0.667,0.667],"y":[1,1,1]},"o":{"x":[0.167,0.167,0.167],"y":[0,0,0]},"t":22,"s":[100,100,100]},{"i":{"x":[0.667,0.667,0.667],"y":[1,1,1]},"o":{"x":[0.333,0.333,0.333],"y":[0,0,0]},"t":156,"s":[100,100,100]},{"t":165,"s":[0,0,100]}],"ix":6}},"ao":0,"shapes":[{"ty":"gr","it":[{"ind":0,"ty":"sh","ix":1,"ks":{"a":0,"k":{"i":[[0,-1.825],[1.826,0],[0,1.825],[-1.825,0]],"o":[[0,1.825],[-1.825,0],[0,-1.825],[1.826,0]],"v":[[3.305,0],[-0.001,3.305],[-3.305,0],[-0.001,-3.305]],"c":true},"ix":2},"nm":"Path 1","mn":"ADBE Vector Shape - Group","hd":false},{"ty":"fl","c":{"a":0,"k":[0.3137254901960784,0.8901960784313725,0.7607843137254902,1],"ix":4},"o":{"a":0,"k":100,"ix":5},"r":1,"bm":0,"nm":"Fill 1","mn":"ADBE Vector Graphic - Fill","hd":false},{"ty":"tr","p":{"a":0,"k":[3.555,3.555],"ix":2},"a":{"a":0,"k":[0,0],"ix":1},"s":{"a":0,"k":[100,100],"ix":3},"r":{"a":0,"k":0,"ix":6},"o":{"a":0,"k":100,"ix":7},"sk":{"a":0,"k":0,"ix":4},"sa":{"a":0,"k":0,"ix":5},"nm":"Transform"}],"nm":"Group 1","np":4,"cix":2,"bm":0,"ix":1,"mn":"ADBE Vector Group","hd":false}],"ip":0,"op":213,"st":0,"bm":0},{"ddd":0,"ind":8,"ty":4,"nm":"Ellips_02","sr":1,"ks":{"o":{"a":0,"k":100,"ix":11},"r":{"a":0,"k":0,"ix":10},"p":{"a":1,"k":[{"i":{"x":0.667,"y":1},"o":{"x":0.333,"y":0},"t":3,"s":[230.899,271.982,0],"to":[0,-9.833,0],"ti":[0,9.833,0]},{"i":{"x":0.667,"y":0.667},"o":{"x":0.333,"y":0.333},"t":20,"s":[230.899,212.982,0],"to":[0,0,0],"ti":[0,0,0]},{"i":{"x":0.667,"y":1},"o":{"x":0.333,"y":0},"t":165,"s":[230.899,212.982,0],"to":[0,9.833,0],"ti":[0,-9.833,0]},{"t":188,"s":[230.899,271.982,0]}],"ix":2},"a":{"a":0,"k":[121.035,52.726,0],"ix":1},"s":{"a":1,"k":[{"i":{"x":[0.667,0.667,0.667],"y":[1,1,1]},"o":{"x":[0.333,0.333,0.333],"y":[0,0,0]},"t":3,"s":[20,20,100]},{"i":{"x":[0.667,0.667,0.667],"y":[1,1,1]},"o":{"x":[0.333,0.333,0.333],"y":[0,0,0]},"t":20,"s":[100,100,100]},{"i":{"x":[0.667,0.667,0.667],"y":[1,1,1]},"o":{"x":[0.333,0.333,0.333],"y":[0,0,0]},"t":165,"s":[100,100,100]},{"t":188,"s":[20,20,100]}],"ix":6}},"ao":0,"shapes":[{"ty":"gr","it":[{"ind":0,"ty":"sh","ix":1,"ks":{"a":0,"k":{"i":[[-0.029,-0.271],[33.428,-15.82],[-3.578,-9.074],[-66.396,26.183],[4.765,12.083],[52.496,-17.849]],"o":[[0.018,0.172],[-42.138,19.943],[4.765,12.082],[66.396,-26.184],[-4.003,-10.151],[0,0]],"v":[[21.768,-34.119],[-55.17,-2.752],[-120.814,46.443],[8.034,20.912],[119.627,-48.374],[21.768,-34.23]],"c":false},"ix":2},"nm":"Path 1","mn":"ADBE Vector Shape - Group","hd":false},{"ty":"st","c":{"a":0,"k":[0.7215686274509804,0.9137254901960784,0.5254901960784314,1],"ix":3},"o":{"a":0,"k":100,"ix":4},"w":{"a":0,"k":1,"ix":5},"lc":1,"lj":1,"ml":10,"bm":0,"nm":"Stroke 1","mn":"ADBE Vector Graphic - Stroke","hd":false},{"ty":"tr","p":{"a":0,"k":[121.628,53.691],"ix":2},"a":{"a":0,"k":[0,0],"ix":1},"s":{"a":0,"k":[100,100],"ix":3},"r":{"a":0,"k":0,"ix":6},"o":{"a":0,"k":100,"ix":7},"sk":{"a":0,"k":0,"ix":4},"sa":{"a":0,"k":0,"ix":5},"nm":"Transform"}],"nm":"Group 1","np":2,"cix":2,"bm":0,"ix":1,"mn":"ADBE Vector Group","hd":false}],"ip":0,"op":213,"st":0,"bm":0},{"ddd":0,"ind":9,"ty":4,"nm":"Dot_01","sr":1,"ks":{"o":{"a":0,"k":100,"ix":11},"r":{"a":0,"k":0,"ix":10},"p":{"a":1,"k":[{"i":{"x":0.833,"y":0.833},"o":{"x":0.167,"y":0.167},"t":-27.547,"s":[255.67,190,0],"to":[57.909,0.833,0],"ti":[-0.291,-11.23,0]},{"i":{"x":0.833,"y":0.833},"o":{"x":0.167,"y":0.167},"t":-14.347,"s":[357.376,210.332,0],"to":[0.337,12.983,0],"ti":[71.349,-1.849,0]},{"i":{"x":0.833,"y":0.833},"o":{"x":0.167,"y":0.167},"t":2.326,"s":[228.798,237.189,0],"to":[-71.348,1.85,0],"ti":[0.336,12.984,0]},{"i":{"x":0.833,"y":0.833},"o":{"x":0.167,"y":0.167},"t":19,"s":[99.002,217.029,0],"to":[-0.295,-11.361,0],"ti":[-58.812,3.718,0]},{"i":{"x":0.833,"y":0.833},"o":{"x":0.167,"y":0.167},"t":32.453,"s":[201.556,191.324,0],"to":[0,0,0],"ti":[0,0,0]},{"i":{"x":0.833,"y":0.833},"o":{"x":0.167,"y":0.167},"t":42,"s":[263.306,189.324,0],"to":[0,0,0],"ti":[-9.291,-18.98,0]},{"i":{"x":0.833,"y":0.833},"o":{"x":0.167,"y":0.167},"t":58.575,"s":[360.626,208.582,0],"to":[0.337,12.983,0],"ti":[71.349,-1.849,0]},{"i":{"x":0.833,"y":0.833},"o":{"x":0.167,"y":0.167},"t":81.186,"s":[228.798,237.189,0],"to":[-71.348,1.85,0],"ti":[0.336,12.984,0]},{"i":{"x":0.833,"y":0.833},"o":{"x":0.167,"y":0.167},"t":103.221,"s":[99.002,217.029,0],"to":[-0.295,-11.361,0],"ti":[-58.812,3.718,0]},{"i":{"x":0.833,"y":0.833},"o":{"x":0.167,"y":0.167},"t":121,"s":[201.556,191.324,0],"to":[0,0,0],"ti":[0,0,0]},{"i":{"x":0.833,"y":0.833},"o":{"x":0.167,"y":0.167},"t":136,"s":[256.056,189.324,0],"to":[0,0,0],"ti":[-10.541,-19.98,0]},{"i":{"x":0.833,"y":0.833},"o":{"x":0.167,"y":0.167},"t":151.406,"s":[360.626,208.582,0],"to":[0.337,12.983,0],"ti":[71.349,-1.849,0]},{"i":{"x":0.833,"y":0.833},"o":{"x":0.167,"y":0.167},"t":171.03,"s":[228.798,237.189,0],"to":[-71.348,1.85,0],"ti":[0.336,12.984,0]},{"i":{"x":0.833,"y":0.833},"o":{"x":0.167,"y":0.167},"t":190.155,"s":[99.002,217.029,0],"to":[-0.295,-11.361,0],"ti":[-58.812,3.718,0]},{"i":{"x":0.833,"y":0.833},"o":{"x":0.167,"y":0.167},"t":205.586,"s":[201.556,191.324,0],"to":[0,0,0],"ti":[0,0,0]},{"t":220.5859375,"s":[256.056,189.324,0]}],"ix":2},"a":{"a":0,"k":[3.554,3.555,0],"ix":1},"s":{"a":1,"k":[{"i":{"x":[0.667,0.667,0.667],"y":[1,1,1]},"o":{"x":[0.333,0.333,0.333],"y":[0,0,0]},"t":10,"s":[0,0,100]},{"i":{"x":[0.833,0.833,0.833],"y":[1,1,1]},"o":{"x":[0.333,0.333,0.333],"y":[0,0,0]},"t":15,"s":[100,100,100]},{"i":{"x":[0.833,0.833,0.833],"y":[1,1,1]},"o":{"x":[0.167,0.167,0.167],"y":[0,0,0]},"t":159,"s":[100,100,100]},{"t":168,"s":[0,0,100]}],"ix":6}},"ao":0,"shapes":[{"ty":"gr","it":[{"ind":0,"ty":"sh","ix":1,"ks":{"a":0,"k":{"i":[[0,-1.825],[1.826,0],[0,1.825],[-1.825,0]],"o":[[0,1.825],[-1.825,0],[0,-1.825],[1.826,0]],"v":[[3.305,0],[-0.001,3.305],[-3.305,0],[-0.001,-3.305]],"c":true},"ix":2},"nm":"Path 1","mn":"ADBE Vector Shape - Group","hd":false},{"ty":"fl","c":{"a":0,"k":[0.7411764705882353,0.06274509803921569,0.8784313725490196,1],"ix":4},"o":{"a":0,"k":100,"ix":5},"r":1,"bm":0,"nm":"Fill 1","mn":"ADBE Vector Graphic - Fill","hd":false},{"ty":"tr","p":{"a":0,"k":[3.555,3.555],"ix":2},"a":{"a":0,"k":[0,0],"ix":1},"s":{"a":0,"k":[100,100],"ix":3},"r":{"a":0,"k":0,"ix":6},"o":{"a":0,"k":100,"ix":7},"sk":{"a":0,"k":0,"ix":4},"sa":{"a":0,"k":0,"ix":5},"nm":"Transform"}],"nm":"Group 1","np":4,"cix":2,"bm":0,"ix":1,"mn":"ADBE Vector Group","hd":false}],"ip":0,"op":213,"st":0,"bm":0},{"ddd":0,"ind":10,"ty":4,"nm":"Ellips_01","sr":1,"ks":{"o":{"a":0,"k":100,"ix":11},"r":{"a":0,"k":0,"ix":10},"p":{"a":1,"k":[{"i":{"x":0.667,"y":1},"o":{"x":0.333,"y":0},"t":0,"s":[230.898,256.016,0],"to":[0,-7.167,0],"ti":[0,7.167,0]},{"i":{"x":0.667,"y":0.667},"o":{"x":0.167,"y":0.167},"t":15,"s":[230.898,213.016,0],"to":[0,0,0],"ti":[0,0,0]},{"i":{"x":0.667,"y":1},"o":{"x":0.167,"y":0},"t":168,"s":[230.898,213.016,0],"to":[0,7.167,0],"ti":[0,-7.167,0]},{"t":191,"s":[230.898,256.016,0]}],"ix":2},"a":{"a":0,"k":[129.689,24.215,0],"ix":1},"s":{"a":1,"k":[{"i":{"x":[0.667,0.667,0.667],"y":[1,1,1]},"o":{"x":[0.333,0.333,0.333],"y":[0,0,0]},"t":0,"s":[20,20,100]},{"i":{"x":[0.667,0.667,0.667],"y":[1,1,1]},"o":{"x":[0.167,0.167,0.167],"y":[0,0,0]},"t":15,"s":[100,100,100]},{"i":{"x":[0.667,0.667,0.667],"y":[1,1,1]},"o":{"x":[0.167,0.167,0.167],"y":[0,0,0]},"t":168,"s":[100,100,100]},{"t":191,"s":[20,20,100]}],"ix":6}},"ao":0,"shapes":[{"ty":"gr","it":[{"ind":0,"ty":"sh","ix":1,"ks":{"a":0,"k":{"i":[[0,0],[0,0],[0,0],[-2.375,0.375],[0,0]],"o":[[0,0],[0,0],[0,0],[2.375,-0.375],[0,0]],"v":[[142.915,0.449],[103.165,2.074],[112.165,1.824],[130.29,1.199],[157.165,0.949]],"c":true},"ix":2},"nm":"Path 1","mn":"ADBE Vector Shape - Group","hd":false},{"ty":"st","c":{"a":0,"k":[0.49411764705882355,0.8274509803921568,0.12941176470588237,1],"ix":3},"o":{"a":0,"k":100,"ix":4},"w":{"a":0,"k":1,"ix":5},"lc":1,"lj":1,"ml":4,"bm":0,"nm":"Stroke 1","mn":"ADBE Vector Graphic - Stroke","hd":false},{"ty":"fl","c":{"a":0,"k":[0.949020026712,0.560783954695,0.384313994763,1],"ix":4},"o":{"a":0,"k":100,"ix":5},"r":1,"bm":0,"nm":"Fill 1","mn":"ADBE Vector Graphic - Fill","hd":false},{"ty":"tr","p":{"a":0,"k":[0,0],"ix":2},"a":{"a":0,"k":[0,0],"ix":1},"s":{"a":0,"k":[100,100],"ix":3},"r":{"a":0,"k":0,"ix":6},"o":{"a":0,"k":100,"ix":7},"sk":{"a":0,"k":0,"ix":4},"sa":{"a":0,"k":0,"ix":5},"nm":"Transform"}],"nm":"Shape 1","np":3,"cix":2,"bm":0,"ix":1,"mn":"ADBE Vector Group","hd":false},{"ty":"gr","it":[{"ind":0,"ty":"sh","ix":1,"ks":{"a":0,"k":{"i":[[0,0],[-0.291,-11.23],[71.349,-1.849],[0.336,12.984],[-58.812,3.718]],"o":[[57.909,0.833],[0.337,12.983],[-71.348,1.85],[-0.295,-11.361],[0,0]],"v":[[27.46,-24.52],[129.166,-4.188],[0.588,22.67],[-129.208,2.51],[-26.654,-23.195]],"c":false},"ix":2},"nm":"Path 1","mn":"ADBE Vector Shape - Group","hd":false},{"ty":"st","c":{"a":0,"k":[0.2901960784313726,0.2901960784313726,0.2901960784313726,1],"ix":3},"o":{"a":0,"k":100,"ix":4},"w":{"a":0,"k":1,"ix":5},"lc":1,"lj":1,"ml":10,"bm":0,"nm":"Stroke 1","mn":"ADBE Vector Graphic - Stroke","hd":false},{"ty":"tr","p":{"a":0,"k":[129.71,25.02],"ix":2},"a":{"a":0,"k":[0,0],"ix":1},"s":{"a":0,"k":[100,100],"ix":3},"r":{"a":0,"k":0,"ix":6},"o":{"a":0,"k":100,"ix":7},"sk":{"a":0,"k":0,"ix":4},"sa":{"a":0,"k":0,"ix":5},"nm":"Transform"}],"nm":"Group 1","np":2,"cix":2,"bm":0,"ix":2,"mn":"ADBE Vector Group","hd":false}],"ip":0,"op":213,"st":0,"bm":0},{"ddd":0,"ind":11,"ty":4,"nm":"Gear_01","sr":1,"ks":{"o":{"a":0,"k":100,"ix":11},"r":{"a":1,"k":[{"i":{"x":[0.833],"y":[0.833]},"o":{"x":[0.167],"y":[0.167]},"t":0,"s":[0]},{"t":209,"s":[720]}],"ix":10},"p":{"a":1,"k":[{"i":{"x":0.667,"y":1},"o":{"x":0.333,"y":0},"t":0,"s":[271.257,277.27,0],"to":[-1.667,-7.167,0],"ti":[1.667,7.167,0]},{"i":{"x":0.667,"y":0.667},"o":{"x":0.333,"y":0.333},"t":14,"s":[261.257,234.27,0],"to":[0,0,0],"ti":[0,0,0]},{"i":{"x":0.667,"y":1},"o":{"x":0.333,"y":0},"t":174,"s":[261.257,234.27,0],"to":[1.667,7.167,0],"ti":[-1.667,-7.167,0]},{"t":189,"s":[271.257,277.27,0]}],"ix":2},"a":{"a":0,"k":[23.963,23.96,0],"ix":1},"s":{"a":0,"k":[100,100,100],"ix":6}},"ao":0,"shapes":[{"ty":"gr","it":[{"ind":0,"ty":"sh","ix":1,"ks":{"a":0,"k":{"i":[[1.49,-4.687],[4.694,1.49],[-1.497,4.687],[-4.687,-1.49]],"o":[[-1.497,4.687],[-4.688,-1.497],[1.491,-4.688],[4.687,1.497]],"v":[[8.486,2.701],[-2.708,8.486],[-8.488,-2.708],[2.701,-8.493]],"c":true},"ix":2},"nm":"Path 1","mn":"ADBE Vector Shape - Group","hd":false},{"ind":1,"ty":"sh","ix":2,"ks":{"a":0,"k":{"i":[[6.711,2.137],[2.137,-6.711],[-6.711,-2.137],[-2.145,6.711]],"o":[[-6.711,-2.137],[-2.136,6.719],[6.717,2.144],[2.137,-6.711]],"v":[[3.867,-12.158],[-12.159,-3.875],[-3.875,12.15],[12.158,3.868]],"c":true},"ix":2},"nm":"Path 2","mn":"ADBE Vector Shape - Group","hd":false},{"ty":"mm","mm":1,"nm":"Merge Paths 1","mn":"ADBE Vector Filter - Merge","hd":false},{"ty":"fl","c":{"a":0,"k":[0.330813748229,0.363972832175,0.419909069585,1],"ix":4},"o":{"a":0,"k":100,"ix":5},"r":1,"bm":0,"nm":"Fill 1","mn":"ADBE Vector Graphic - Fill","hd":false},{"ty":"tr","p":{"a":0,"k":[23.964,23.963],"ix":2},"a":{"a":0,"k":[0,0],"ix":1},"s":{"a":0,"k":[100,100],"ix":3},"r":{"a":0,"k":0,"ix":6},"o":{"a":0,"k":100,"ix":7},"sk":{"a":0,"k":0,"ix":4},"sa":{"a":0,"k":0,"ix":5},"nm":"Transform"}],"nm":"Group 1","np":6,"cix":2,"bm":0,"ix":1,"mn":"ADBE Vector Group","hd":false},{"ty":"gr","it":[{"ind":0,"ty":"sh","ix":1,"ks":{"a":0,"k":{"i":[[4.694,1.49],[-1.497,4.687],[-4.686,-1.49],[1.491,-4.687]],"o":[[-4.687,-1.497],[1.49,-4.688],[4.688,1.497],[-1.497,4.687]],"v":[[-2.708,8.49],[-8.486,-2.704],[2.701,-8.49],[8.486,2.705]],"c":true},"ix":2},"nm":"Path 1","mn":"ADBE Vector Shape - Group","hd":false},{"ind":1,"ty":"sh","ix":2,"ks":{"a":0,"k":{"i":[[0,0],[0.151,0.94],[0,0],[0,0],[0,0],[0.782,0.564],[0,0],[0,0],[0,0],[0.94,-0.151],[0,0],[0,0],[0,0],[0.564,-0.79],[0,0],[0,0],[0,0],[0,0],[-0.15,-0.94],[0,0],[0,0],[0,0],[-0.79,-0.564],[0,0],[0,0],[0,0],[-0.94,0.151],[0,0],[0,0],[0,0],[-0.564,0.783],[0,0],[0,0],[0,0]],"o":[[-0.008,-0.963],[0,0],[0,0],[0,0],[-0.678,-0.669],[0,0],[0,0],[0,0],[-0.963,0.007],[0,0],[0,0],[0,0],[-0.669,0.684],[0,0],[0,0],[0,0],[0,0],[0.008,0.97],[0,0],[0,0],[0,0],[0.677,0.67],[0,0],[0,0],[0,0],[0.97,-0.007],[0,0],[0,0],[0,0],[0.669,-0.677],[0,0],[0,0],[0,0],[0,0]],"v":[[18.507,-0.124],[18.266,-2.99],[22.945,-6.511],[18.574,-14.96],[13,-13.177],[10.803,-15.035],[11.615,-20.828],[2.559,-23.71],[-0.129,-18.511],[-2.995,-18.27],[-6.516,-22.943],[-14.965,-18.579],[-13.182,-13.004],[-15.032,-10.8],[-20.833,-11.62],[-22.277,-7.091],[-23.714,-2.562],[-18.516,0.124],[-18.275,2.99],[-22.947,6.511],[-18.583,14.96],[-13.001,13.177],[-10.803,15.035],[-11.624,20.829],[-2.559,23.71],[0.12,18.511],[2.986,18.27],[6.507,22.942],[14.956,18.579],[13.173,13.004],[15.031,10.807],[20.824,11.62],[22.27,7.091],[23.714,2.562]],"c":true},"ix":2},"nm":"Path 2","mn":"ADBE Vector Shape - Group","hd":false},{"ty":"mm","mm":1,"nm":"Merge Paths 1","mn":"ADBE Vector Filter - Merge","hd":false},{"ty":"fl","c":{"a":0,"k":[0.241727133358,0.267290092917,0.305220211253,1],"ix":4},"o":{"a":0,"k":100,"ix":5},"r":1,"bm":0,"nm":"Fill 1","mn":"ADBE Vector Graphic - Fill","hd":false},{"ty":"tr","p":{"a":0,"k":[23.963,23.96],"ix":2},"a":{"a":0,"k":[0,0],"ix":1},"s":{"a":0,"k":[100,100],"ix":3},"r":{"a":0,"k":0,"ix":6},"o":{"a":0,"k":100,"ix":7},"sk":{"a":0,"k":0,"ix":4},"sa":{"a":0,"k":0,"ix":5},"nm":"Transform"}],"nm":"Group 2","np":6,"cix":2,"bm":0,"ix":2,"mn":"ADBE Vector Group","hd":false}],"ip":0,"op":213,"st":0,"bm":0},{"ddd":0,"ind":12,"ty":4,"nm":"Gear_02","sr":1,"ks":{"o":{"a":0,"k":100,"ix":11},"r":{"a":1,"k":[{"i":{"x":[0.833],"y":[0.833]},"o":{"x":[0.167],"y":[0.167]},"t":0,"s":[0]},{"t":209,"s":[-720]}],"ix":10},"p":{"a":1,"k":[{"i":{"x":0.667,"y":1},"o":{"x":0.333,"y":0},"t":0,"s":[213.58,287.354,0],"to":[-1.667,-7.167,0],"ti":[1.667,7.167,0]},{"i":{"x":0.667,"y":0.667},"o":{"x":0.333,"y":0.333},"t":14,"s":[203.58,244.354,0],"to":[0,0,0],"ti":[0,0,0]},{"i":{"x":0.667,"y":1},"o":{"x":0.333,"y":0},"t":174,"s":[203.58,244.354,0],"to":[1.667,7.167,0],"ti":[-1.667,-7.167,0]},{"t":189,"s":[213.58,287.354,0]}],"ix":2},"a":{"a":0,"k":[34.214,34.213,0],"ix":1},"s":{"a":0,"k":[100,100,100],"ix":6}},"ao":0,"shapes":[{"ty":"gr","it":[{"ind":0,"ty":"sh","ix":1,"ks":{"a":0,"k":{"i":[[-1.032,3.242],[-3.242,-1.032],[1.032,-3.241],[3.242,1.032]],"o":[[1.032,-3.242],[3.241,1.032],[-1.032,3.242],[-3.242,-1.032]],"v":[[-5.87,-1.869],[1.869,-5.869],[5.87,1.869],[-1.869,5.87]],"c":true},"ix":2},"nm":"Path 1","mn":"ADBE Vector Shape - Group","hd":false},{"ty":"fl","c":{"a":0,"k":[0.877725698434,0.926064285578,0.881516759536,1],"ix":4},"o":{"a":0,"k":100,"ix":5},"r":1,"bm":0,"nm":"Fill 1","mn":"ADBE Vector Graphic - Fill","hd":false},{"ty":"tr","p":{"a":0,"k":[34.214,34.214],"ix":2},"a":{"a":0,"k":[0,0],"ix":1},"s":{"a":0,"k":[100,100],"ix":3},"r":{"a":0,"k":0,"ix":6},"o":{"a":0,"k":100,"ix":7},"sk":{"a":0,"k":0,"ix":4},"sa":{"a":0,"k":0,"ix":5},"nm":"Transform"}],"nm":"Group 1","np":4,"cix":2,"bm":0,"ix":1,"mn":"ADBE Vector Group","hd":false},{"ty":"gr","it":[{"ind":0,"ty":"sh","ix":1,"ks":{"a":0,"k":{"i":[[-1.613,5.066],[-5.066,-1.613],[1.613,-5.067],[5.066,1.613]],"o":[[1.613,-5.067],[5.067,1.613],[-1.613,5.067],[-5.066,-1.613]],"v":[[-9.173,-2.921],[2.921,-9.173],[9.174,2.921],[-2.921,9.174]],"c":true},"ix":2},"nm":"Path 1","mn":"ADBE Vector Shape - Group","hd":false},{"ty":"fl","c":{"a":0,"k":[0.595256850299,0.632228956036,0.601892209521,1],"ix":4},"o":{"a":0,"k":100,"ix":5},"r":1,"bm":0,"nm":"Fill 1","mn":"ADBE Vector Graphic - Fill","hd":false},{"ty":"tr","p":{"a":0,"k":[34.213,34.214],"ix":2},"a":{"a":0,"k":[0,0],"ix":1},"s":{"a":0,"k":[100,100],"ix":3},"r":{"a":0,"k":0,"ix":6},"o":{"a":0,"k":100,"ix":7},"sk":{"a":0,"k":0,"ix":4},"sa":{"a":0,"k":0,"ix":5},"nm":"Transform"}],"nm":"Group 2","np":4,"cix":2,"bm":0,"ix":2,"mn":"ADBE Vector Group","hd":false},{"ty":"gr","it":[{"ind":0,"ty":"sh","ix":1,"ks":{"a":0,"k":{"i":[[-3.159,9.922],[-9.922,-3.159],[3.159,-9.922],[9.922,3.158]],"o":[[3.159,-9.922],[9.922,3.159],[-3.159,9.922],[-9.922,-3.16]],"v":[[-17.965,-5.72],[5.719,-17.965],[17.965,5.72],[-5.72,17.967]],"c":true},"ix":2},"nm":"Path 1","mn":"ADBE Vector Shape - Group","hd":false},{"ind":1,"ty":"sh","ix":2,"ks":{"a":0,"k":{"i":[[0,0],[0,0],[0,0],[-1.349,0.221],[0,0],[0,0],[0,0],[-0.808,1.125],[0,0],[0,0],[0,0],[0,0],[0.222,1.348],[0,0],[0,0],[0,0],[1.124,0.809],[0,0],[0,0],[0,0],[1.348,-0.222],[0,0],[0,0],[0,0],[0.808,-1.125],[0,0],[0,0],[0,0],[0,0],[-0.222,-1.348],[0,0],[0,0],[0,0],[-1.125,-0.809]],"o":[[0,0],[0,0],[1.384,-0.008],[0,0],[0,0],[0,0],[0.96,-0.972],[0,0],[0,0],[0,0],[0,0],[-0.01,-1.385],[0,0],[0,0],[0,0],[-0.972,-0.96],[0,0],[0,0],[0,0],[-1.385,0.009],[0,0],[0,0],[0,0],[-0.96,0.972],[0,0],[0,0],[0,0],[0,0],[0.009,1.384],[0,0],[0,0],[0,0],[0.972,0.96],[0,0]],"v":[[-16.645,29.832],[-3.665,33.964],[0.178,26.513],[4.283,26.166],[9.324,32.864],[21.424,26.607],[18.873,18.622],[21.53,15.473],[29.83,16.645],[31.896,10.156],[33.964,3.666],[26.513,-0.178],[26.165,-4.283],[32.863,-9.323],[26.607,-21.424],[18.621,-18.874],[15.473,-21.53],[16.645,-29.831],[3.664,-33.964],[-0.178,-26.513],[-4.283,-26.164],[-9.324,-32.863],[-21.424,-26.607],[-18.874,-18.621],[-21.53,-15.472],[-29.831,-16.645],[-31.896,-10.155],[-33.964,-3.664],[-26.513,0.179],[-26.165,4.283],[-32.863,9.325],[-26.607,21.425],[-18.622,18.874],[-15.473,21.531]],"c":true},"ix":2},"nm":"Path 2","mn":"ADBE Vector Shape - Group","hd":false},{"ty":"mm","mm":1,"nm":"Merge Paths 1","mn":"ADBE Vector Filter - Merge","hd":false},{"ty":"fl","c":{"a":0,"k":[0.595256850299,0.632228956036,0.601892209521,1],"ix":4},"o":{"a":0,"k":100,"ix":5},"r":1,"bm":0,"nm":"Fill 1","mn":"ADBE Vector Graphic - Fill","hd":false},{"ty":"tr","p":{"a":0,"k":[34.214,34.213],"ix":2},"a":{"a":0,"k":[0,0],"ix":1},"s":{"a":0,"k":[100,100],"ix":3},"r":{"a":0,"k":0,"ix":6},"o":{"a":0,"k":100,"ix":7},"sk":{"a":0,"k":0,"ix":4},"sa":{"a":0,"k":0,"ix":5},"nm":"Transform"}],"nm":"Group 3","np":6,"cix":2,"bm":0,"ix":3,"mn":"ADBE Vector Group","hd":false}],"ip":0,"op":213,"st":0,"bm":0},{"ddd":0,"ind":13,"ty":4,"nm":"Cloud_thoughts","sr":1,"ks":{"o":{"a":0,"k":100,"ix":11},"r":{"a":0,"k":0,"ix":10},"p":{"a":1,"k":[{"i":{"x":0.833,"y":0.833},"o":{"x":0.167,"y":0.167},"t":15,"s":[219.099,291.303,0],"to":[-19,-62.583,0],"ti":[-45.5,22.083,0]},{"t":34,"s":[270.099,137.803,0]}],"ix":2},"a":{"a":0,"k":[22.154,18.979,0],"ix":1},"s":{"a":1,"k":[{"i":{"x":[0.667,0.667,0.667],"y":[1,1,1]},"o":{"x":[0.333,0.333,0.333],"y":[0,0,0]},"t":40,"s":[0,0,100]},{"i":{"x":[0.667,0.667,0.667],"y":[1,1,1]},"o":{"x":[0.333,0.333,0.333],"y":[0,0,0]},"t":60,"s":[100,100,100]},{"i":{"x":[0.667,0.667,0.667],"y":[1,1,1]},"o":{"x":[0.167,0.167,0.167],"y":[0,0,0]},"t":140,"s":[100,100,100]},{"t":163,"s":[0,0,100]}],"ix":6}},"ao":0,"shapes":[{"ty":"gr","it":[{"ind":0,"ty":"sh","ix":1,"ks":{"a":0,"k":{"i":[[0,0],[1.297,-4.026],[-3.606,-2.212],[-2.123,3.658],[0.225,2.315],[1.277,1.824],[2.184,-0.434],[0.617,-2.443],[-1.574,-1.44],[-2.129,0.147],[-1.141,1.404],[1.057,1.47],[4.668,-2.832],[-0.928,-1.291],[-3.361,0.075],[-1.84,2.814],[0.548,2.252],[3.511,0.424],[1.782,-1.401],[-0.531,-2.202],[-1.636,-0.794],[-1.813,0.139],[-1.75,1.784],[-0.153,1.089],[0.883,0.656],[1.172,-0.084],[1.275,-2.189],[-0.027,-0.342],[-0.133,-0.24],[-3.119,-0.565],[-0.866,1.447],[1.701,0.687],[1.561,-0.963],[0.202,-0.428],[-0.688,-0.674],[-1.438,-0.209],[-0.461,0.386],[0.392,0.671],[0.681,0.378],[3.33,0.249],[2.014,-1.603],[-1.8,-1.841],[-0.039,7.724]],"o":[[-4.153,0.801],[-1.295,4.027],[3.605,2.212],[1.168,-2.012],[-0.217,-2.216],[-1.277,-1.823],[-8.137,1.617],[-0.524,2.069],[1.575,1.44],[1.806,-0.124],[1.141,-1.405],[-1.667,-2.321],[-3.637,2.206],[1.961,2.731],[3.362,-0.073],[1.268,-1.94],[-0.835,-3.437],[-2.25,-0.272],[-1.78,1.401],[0.428,1.768],[1.636,0.795],[2.492,-0.192],[0.77,-0.786],[0.152,-1.089],[-0.943,-0.7],[-2.526,0.179],[-0.172,0.296],[0.023,0.274],[1.535,2.774],[1.66,0.3],[0.943,-1.575],[-1.702,-0.687],[-0.404,0.248],[-0.412,0.871],[1.04,1.017],[0.595,0.086],[0.597,-0.499],[-0.392,-0.672],[-2.918,-1.622],[-2.567,-0.192],[-2.015,1.602],[3.978,4.069],[0,0]],"v":[[-0.454,-10.278],[-8.389,-2.683],[-3.693,8.5],[5.672,6.171],[7.189,-0.853],[5.138,-7.131],[-0.454,-10.278],[-10.56,-2.945],[-8.679,2.852],[-2.756,4.771],[2.623,2.784],[3.631,-3.704],[-7.312,-4.363],[-8.768,3.064],[-0.094,7.393],[8.383,2.687],[9.696,-3.947],[1.955,-10.229],[-4.474,-8.633],[-6.764,-2.62],[-3.331,1.393],[1.994,2.243],[8.763,-0.593],[10.302,-3.45],[9.195,-6.393],[5.8,-6.981],[-0.89,-4.091],[-1.173,-3.119],[-0.891,-2.352],[6.586,3.013],[11.124,1.61],[9.269,-2.866],[4.025,-2.067],[3.016,-1.094],[3.859,1.476],[7.705,3.377],[9.427,3.065],[9.637,0.93],[7.877,-0.559],[-1.643,-3.41],[-8.987,-1.696],[-10.267,5.135],[5.108,-1.864]],"c":false},"ix":2},"nm":"Path 1","mn":"ADBE Vector Shape - Group","hd":false},{"ty":"st","c":{"a":0,"k":[0.241727133358,0.267290092917,0.305220211253,1],"ix":3},"o":{"a":0,"k":100,"ix":4},"w":{"a":0,"k":0.5,"ix":5},"lc":1,"lj":1,"ml":10,"bm":0,"d":[{"n":"d","nm":"dash","v":{"a":0,"k":38,"ix":1}},{"n":"o","nm":"offset","v":{"a":1,"k":[{"i":{"x":[0.833],"y":[0.833]},"o":{"x":[0.167],"y":[0.167]},"t":35,"s":[0]},{"t":209,"s":[277]}],"ix":7}}],"nm":"Stroke 1","mn":"ADBE Vector Graphic - Stroke","hd":false},{"ty":"tr","p":{"a":0,"k":[22.077,17.614],"ix":2},"a":{"a":0,"k":[0,0],"ix":1},"s":{"a":0,"k":[100,100],"ix":3},"r":{"a":0,"k":0,"ix":6},"o":{"a":0,"k":100,"ix":7},"sk":{"a":0,"k":0,"ix":4},"sa":{"a":0,"k":0,"ix":5},"nm":"Transform"}],"nm":"Group 1","np":2,"cix":2,"bm":0,"ix":1,"mn":"ADBE Vector Group","hd":false},{"ty":"gr","it":[{"ind":0,"ty":"sh","ix":1,"ks":{"a":0,"k":{"i":[[-1.179,2.087],[1.212,5.634],[-11.121,2.394],[-1.769,-8.211],[11.122,-2.394],[1.141,-0.098],[3.653,-0.438],[1.186,0.178]],"o":[[-6.8,-1.175],[-1.768,-8.21],[11.12,-2.394],[1.768,8.21],[-1.164,0.251],[-1.856,2.435],[-1.277,0.152],[2.541,-1.035]],"v":[[-6.823,13.663],[-20.136,2.867],[-3.201,-16.335],[20.136,-5.803],[3.2,13.398],[-0.261,13.916],[-8.859,18.577],[-12.57,18.526]],"c":true},"ix":2},"nm":"Path 1","mn":"ADBE Vector Shape - Group","hd":false},{"ty":"fl","c":{"a":0,"k":[0.877725698434,0.926064285578,0.881516759536,1],"ix":4},"o":{"a":0,"k":100,"ix":5},"r":1,"bm":0,"nm":"Fill 1","mn":"ADBE Vector Graphic - Fill","hd":false},{"ty":"tr","p":{"a":0,"k":[22.154,18.979],"ix":2},"a":{"a":0,"k":[0,0],"ix":1},"s":{"a":0,"k":[100,100],"ix":3},"r":{"a":0,"k":0,"ix":6},"o":{"a":0,"k":100,"ix":7},"sk":{"a":0,"k":0,"ix":4},"sa":{"a":0,"k":0,"ix":5},"nm":"Transform"}],"nm":"Group 2","np":4,"cix":2,"bm":0,"ix":2,"mn":"ADBE Vector Group","hd":false}],"ip":0,"op":213,"st":0,"bm":0}]},{"id":"comp_1","layers":[{"ddd":0,"ind":1,"ty":5,"nm":"?","sr":1,"ks":{"o":{"a":1,"k":[{"i":{"x":[0.667],"y":[1]},"o":{"x":[0.333],"y":[0]},"t":60,"s":[0]},{"t":75,"s":[100]}],"ix":11},"r":{"a":1,"k":[{"i":{"x":[0.667],"y":[1]},"o":{"x":[0.333],"y":[0]},"t":60,"s":[-24.3]},{"t":75,"s":[-11.3]}],"ix":10},"p":{"a":0,"k":[162.639,183.088,0],"ix":2},"a":{"a":0,"k":[0,0,0],"ix":1},"s":{"a":0,"k":[100,100,100],"ix":6}},"ao":0,"t":{"d":{"k":[{"s":{"s":57.0768089294434,"f":"TimesNewRomanPSMT","t":"?","j":0,"tr":0,"lh":68.492170715332,"ls":0,"fc":[0.2,0.227,0.267]},"t":0}]},"p":{},"m":{"g":1,"a":{"a":0,"k":[0,0],"ix":2}},"a":[]},"ip":0,"op":211,"st":0,"bm":0},{"ddd":0,"ind":2,"ty":5,"nm":"?","sr":1,"ks":{"o":{"a":1,"k":[{"i":{"x":[0.667],"y":[1]},"o":{"x":[0.333],"y":[0]},"t":44,"s":[0]},{"t":60,"s":[100]}],"ix":11},"r":{"a":1,"k":[{"i":{"x":[0.667],"y":[1]},"o":{"x":[0.333],"y":[0]},"t":44,"s":[-17.338]},{"t":60,"s":[9.662]}],"ix":10},"p":{"a":0,"k":[124.723,183.934,0],"ix":2},"a":{"a":0,"k":[0,0,0],"ix":1},"s":{"a":0,"k":[100,100,100],"ix":6}},"ao":0,"t":{"d":{"k":[{"s":{"s":47.6777687072754,"f":"TimesNewRomanPSMT","t":"?","j":0,"tr":0,"lh":57.2133224487305,"ls":0,"fc":[0.2,0.227,0.267]},"t":0}]},"p":{},"m":{"g":1,"a":{"a":0,"k":[0,0],"ix":2}},"a":[]},"ip":0,"op":211,"st":0,"bm":0},{"ddd":0,"ind":3,"ty":4,"nm":"Layer 11","sr":1,"ks":{"o":{"a":0,"k":100,"ix":11},"r":{"a":0,"k":0,"ix":10},"p":{"a":0,"k":[250,250,0],"ix":2},"a":{"a":0,"k":[0,0,0],"ix":1},"s":{"a":0,"k":[100,100,100],"ix":6}},"ao":0,"shapes":[{"ty":"gr","it":[{"ind":0,"ty":"sh","ix":1,"ks":{"a":0,"k":{"i":[[3.86,3.604],[1.183,12.643],[24.956,-2.336],[-1.725,-18.425],[-24.956,2.336],[-2.463,0.548],[-7.968,1.501],[-2.375,1.158]],"o":[[13.511,-6.974],[-1.725,-18.426],[-24.956,2.336],[1.725,18.426],[2.614,-0.245],[5.514,3.885],[2.784,-0.525],[-6.024,-0.492]],"v":[[-67.525,-59.922],[-46.7,-91.429],[-95.01,-120.562],[-137.074,-82.97],[-88.765,-53.837],[-81.147,-55.042],[-59.991,-50.946],[-52.227,-53.51]],"c":true},"ix":2},"nm":"Path 1","mn":"ADBE Vector Shape - Group","hd":false},{"ty":"fl","c":{"a":0,"k":[0.9921568627450981,0.9686274509803922,0.6941176470588235,1],"ix":4},"o":{"a":0,"k":100,"ix":5},"r":1,"bm":0,"nm":"Fill 1","mn":"ADBE Vector Graphic - Fill","hd":false},{"ty":"tr","p":{"a":0,"k":[0,0],"ix":2},"a":{"a":0,"k":[0,0],"ix":1},"s":{"a":0,"k":[100,100],"ix":3},"r":{"a":0,"k":0,"ix":6},"o":{"a":0,"k":100,"ix":7},"sk":{"a":0,"k":0,"ix":4},"sa":{"a":0,"k":0,"ix":5},"nm":"Transform"}],"nm":"Group 1","np":2,"cix":2,"bm":0,"ix":1,"mn":"ADBE Vector Group","hd":false}],"ip":0,"op":211,"st":0,"bm":0}]},{"id":"comp_2","layers":[{"ddd":0,"ind":1,"ty":5,"nm":"!","sr":1,"ks":{"o":{"a":1,"k":[{"i":{"x":[0.667],"y":[1]},"o":{"x":[0.333],"y":[0]},"t":89,"s":[0]},{"t":104,"s":[100]}],"ix":11},"r":{"a":1,"k":[{"i":{"x":[0.667],"y":[1]},"o":{"x":[0.333],"y":[0]},"t":89,"s":[-14.159]},{"t":104,"s":[10.841]}],"ix":10},"p":{"a":0,"k":[336.009,212.995,0],"ix":2},"a":{"a":0,"k":[0,0,0],"ix":1},"s":{"a":0,"k":[100,100,100],"ix":6}},"ao":0,"t":{"d":{"k":[{"s":{"s":46.3258209228516,"f":"Georgia","t":"!","j":0,"tr":0,"lh":55.5909851074219,"ls":0,"fc":[1,1,1]},"t":0}]},"p":{},"m":{"g":1,"a":{"a":0,"k":[0,0],"ix":2}},"a":[]},"ip":0,"op":211,"st":0,"bm":0},{"ddd":0,"ind":2,"ty":5,"nm":"!","sr":1,"ks":{"o":{"a":1,"k":[{"i":{"x":[0.667],"y":[1]},"o":{"x":[0.333],"y":[0]},"t":74,"s":[0]},{"t":89,"s":[100]}],"ix":11},"r":{"a":1,"k":[{"i":{"x":[0.667],"y":[1]},"o":{"x":[0.333],"y":[0]},"t":74,"s":[-28.134]},{"t":89,"s":[-4.134]}],"ix":10},"p":{"a":0,"k":[316.836,214.375,0],"ix":2},"a":{"a":0,"k":[0,0,0],"ix":1},"s":{"a":0,"k":[100,100,100],"ix":6}},"ao":0,"t":{"d":{"k":[{"s":{"s":44.0417289733887,"f":"Georgia","t":"!","j":0,"tr":0,"lh":52.8500747680664,"ls":0,"fc":[1,1,1]},"t":0}]},"p":{},"m":{"g":1,"a":{"a":0,"k":[0,0],"ix":2}},"a":[]},"ip":0,"op":211,"st":0,"bm":0},{"ddd":0,"ind":3,"ty":4,"nm":"Layer 29 Outlines","sr":1,"ks":{"o":{"a":0,"k":100,"ix":11},"r":{"a":0,"k":0,"ix":10},"p":{"a":0,"k":[334.887,199.28,0],"ix":2},"a":{"a":0,"k":[38.419,30.385,0],"ix":1},"s":{"a":0,"k":[100,100,100],"ix":6}},"ao":0,"shapes":[{"ty":"gr","it":[{"ind":0,"ty":"sh","ix":1,"ks":{"a":0,"k":{"i":[[-3.238,2.808],[-1.339,10.219],[-20.171,-2.642],[1.951,-14.892],[20.172,2.642],[1.982,0.518],[6.418,1.456],[1.892,1.011]],"o":[[-10.75,-6.061],[1.95,-14.893],[20.172,2.642],[-1.952,14.893],[-2.112,-0.277],[-4.588,2.986],[-2.243,-0.509],[4.902,-0.218]],"v":[[-20.884,21.245],[-36.83,-4.934],[3.225,-27.115],[36.218,4.635],[-3.839,26.818],[-9.982,25.612],[-27.263,28.301],[-33.485,25.987]],"c":true},"ix":2},"nm":"Path 1","mn":"ADBE Vector Shape - Group","hd":false},{"ty":"fl","c":{"a":0,"k":[0.595256850299,0.632228956036,0.601892209521,1],"ix":4},"o":{"a":0,"k":100,"ix":5},"r":1,"bm":0,"nm":"Fill 1","mn":"ADBE Vector Graphic - Fill","hd":false},{"ty":"tr","p":{"a":0,"k":[38.419,30.007],"ix":2},"a":{"a":0,"k":[0,0],"ix":1},"s":{"a":0,"k":[100,100],"ix":3},"r":{"a":0,"k":0,"ix":6},"o":{"a":0,"k":100,"ix":7},"sk":{"a":0,"k":0,"ix":4},"sa":{"a":0,"k":0,"ix":5},"nm":"Transform"}],"nm":"Group 1","np":4,"cix":2,"bm":0,"ix":1,"mn":"ADBE Vector Group","hd":false}],"ip":0,"op":211,"st":0,"bm":0}]}],"fonts":{"list":[{"fName":"Georgia","fFamily":"Georgia","fStyle":"Regular","ascent":75.5996704101562},{"fName":"TimesNewRomanPSMT","fFamily":"Times New Roman","fStyle":"Regular","ascent":69.4992065429688}]},"layers":[{"ddd":0,"ind":1,"ty":4,"nm":"HAND","sr":1,"ks":{"o":{"a":0,"k":100,"ix":11},"r":{"a":0,"k":0,"ix":10},"p":{"a":1,"k":[{"i":{"x":0.667,"y":1},"o":{"x":0.333,"y":0},"t":65,"s":[200,250,0],"to":[0,-2.417,0],"ti":[0,0,0]},{"i":{"x":0.667,"y":1},"o":{"x":0.333,"y":0},"t":120,"s":[200,235.5,0],"to":[0,0,0],"ti":[0,-2.417,0]},{"t":180,"s":[200,250,0]}],"ix":2},"a":{"a":0,"k":[0,0,0],"ix":1},"s":{"a":0,"k":[100,100,100],"ix":6}},"ao":0,"shapes":[{"ty":"gr","it":[{"ind":0,"ty":"sh","ix":1,"ks":{"a":0,"k":{"i":[[0,0],[-3.184,-2.402],[4.851,0.777]],"o":[[0,0],[0,0],[-5.57,-0.892]],"v":[[-30.894,136.317],[-23.799,138.061],[-29.318,146.095]],"c":true},"ix":2},"nm":"Path 1","mn":"ADBE Vector Shape - Group","hd":false},{"ty":"fl","c":{"a":0,"k":[1,0.654901981354,0.501960813999,1],"ix":4},"o":{"a":0,"k":100,"ix":5},"r":1,"bm":0,"nm":"Fill 1","mn":"ADBE Vector Graphic - Fill","hd":false},{"ty":"tr","p":{"a":0,"k":[0,0],"ix":2},"a":{"a":0,"k":[0,0],"ix":1},"s":{"a":0,"k":[100,100],"ix":3},"r":{"a":0,"k":0,"ix":6},"o":{"a":0,"k":100,"ix":7},"sk":{"a":0,"k":0,"ix":4},"sa":{"a":0,"k":0,"ix":5},"nm":"Transform"}],"nm":"Group 1","np":2,"cix":2,"bm":0,"ix":1,"mn":"ADBE Vector Group","hd":false},{"ty":"gr","it":[{"ind":0,"ty":"sh","ix":1,"ks":{"a":0,"k":{"i":[[-26.429,-3.765],[7.143,9.699],[-2.157,10.649],[3.194,0.532],[0,0],[1.12,-2.254],[3.359,-8.526]],"o":[[0,0],[-4.352,-5.91],[0.643,-3.174],[0,0],[-2.482,-0.413],[-1.954,3.932],[0,0]],"v":[[-31.631,206.909],[-25.998,173.911],[-21.97,138.657],[-26.632,131.876],[-26.658,131.871],[-32.718,134.967],[-41.227,154.195]],"c":true},"ix":2},"nm":"Path 1","mn":"ADBE Vector Shape - Group","hd":false},{"ty":"fl","c":{"a":0,"k":[1,0.588235318661,0.403921574354,1],"ix":4},"o":{"a":0,"k":100,"ix":5},"r":1,"bm":0,"nm":"Fill 1","mn":"ADBE Vector Graphic - Fill","hd":false},{"ty":"tr","p":{"a":0,"k":[0,0],"ix":2},"a":{"a":0,"k":[0,0],"ix":1},"s":{"a":0,"k":[100,100],"ix":3},"r":{"a":0,"k":0,"ix":6},"o":{"a":0,"k":100,"ix":7},"sk":{"a":0,"k":0,"ix":4},"sa":{"a":0,"k":0,"ix":5},"nm":"Transform"}],"nm":"Group 2","np":2,"cix":2,"bm":0,"ix":2,"mn":"ADBE Vector Group","hd":false},{"ty":"gr","it":[{"ind":0,"ty":"sh","ix":1,"ks":{"a":0,"k":{"i":[[0,0],[1.724,-6.552],[4.468,-1.121],[11.597,-5.48],[0,0],[-2.092,2.092],[0,0],[-2.929,1.673],[0,0],[-2.51,2.51],[0,0],[0,0]],"o":[[0,0],[-1.715,6.551],[-2.343,0.586],[0.954,-2.778],[0,0],[2.092,-2.092],[0,0],[2.929,-1.673],[0,0],[2.51,-2.51],[0,0],[0,0]],"v":[[-36.977,144.046],[-42.19,157.266],[-48.9,173.164],[-75.633,185.137],[-74.002,181.389],[-75.115,174.277],[-69.676,170.93],[-69.676,160.889],[-59.635,157.961],[-59.635,152.104],[-52.247,143.879],[-40.424,142.992]],"c":true},"ix":2},"nm":"Path 1","mn":"ADBE Vector Shape - Group","hd":false},{"ty":"gf","o":{"a":0,"k":100,"ix":10},"r":1,"bm":0,"g":{"p":5,"k":{"a":0,"k":[0.224,0.761,0.404,0.306,0.423,0.761,0.404,0.306,0.622,0.761,0.404,0.306,0.811,0.761,0.404,0.306,1,0.761,0.404,0.306,0.224,0,0.423,0.25,0.622,0.5,0.811,0.75,1,1],"ix":9}},"s":{"a":0,"k":[-58,172],"ix":5},"e":{"a":0,"k":[-54.653,131.28],"ix":6},"t":1,"nm":"Gradient Fill 1","mn":"ADBE Vector Graphic - G-Fill","hd":false},{"ty":"tr","p":{"a":0,"k":[0,0],"ix":2},"a":{"a":0,"k":[0,0],"ix":1},"s":{"a":0,"k":[100,100],"ix":3},"r":{"a":0,"k":0,"ix":6},"o":{"a":0,"k":100,"ix":7},"sk":{"a":0,"k":0,"ix":4},"sa":{"a":0,"k":0,"ix":5},"nm":"Transform"}],"nm":"Group 3","np":2,"cix":2,"bm":0,"ix":3,"mn":"ADBE Vector Group","hd":false},{"ty":"gr","it":[{"ind":0,"ty":"sh","ix":1,"ks":{"a":1,"k":[{"i":{"x":0.833,"y":0.833},"o":{"x":0.167,"y":0.167},"t":65,"s":[{"i":[[-1.418,1.639],[0,0],[0,0],[0,0],[-5.065,4.82]],"o":[[0,0],[0,0],[0,0],[0,-6.992],[1.474,-1.403]],"v":[[-31.712,206.909],[-30.431,250],[-44.088,250],[-44.088,229.976],[-36.125,211.505]],"c":true}]},{"i":{"x":0.833,"y":0.833},"o":{"x":0.167,"y":0.167},"t":120,"s":[{"i":[[-1.418,1.639],[0,0],[0,0],[0,0],[-5.065,4.82]],"o":[[0,0],[0,0],[0,0],[0,-6.992],[1.474,-1.403]],"v":[[-31.712,206.909],[-30.488,265.75],[-44.104,265.5],[-44.088,229.976],[-36.125,211.505]],"c":true}]},{"t":180,"s":[{"i":[[-1.418,1.639],[0,0],[0,0],[0,0],[-5.065,4.82]],"o":[[0,0],[0,0],[0,0],[0,-6.992],[1.474,-1.403]],"v":[[-31.712,206.909],[-30.431,250],[-44.088,250],[-44.088,229.976],[-36.125,211.505]],"c":true}]}],"ix":2},"nm":"Path 1","mn":"ADBE Vector Shape - Group","hd":false},{"ty":"gf","o":{"a":0,"k":100,"ix":10},"r":1,"bm":0,"g":{"p":5,"k":{"a":0,"k":[0.224,0.761,0.404,0.306,0.423,0.761,0.404,0.306,0.622,0.761,0.404,0.306,0.811,0.761,0.404,0.306,1,0.761,0.404,0.306,0.224,0,0.423,0.25,0.622,0.5,0.811,0.75,1,1],"ix":9}},"s":{"a":0,"k":[-36,231],"ix":5},"e":{"a":0,"k":[-20.66,220.402],"ix":6},"t":1,"nm":"Gradient Fill 1","mn":"ADBE Vector Graphic - G-Fill","hd":false},{"ty":"tr","p":{"a":0,"k":[0,0],"ix":2},"a":{"a":0,"k":[0,0],"ix":1},"s":{"a":0,"k":[100,100],"ix":3},"r":{"a":0,"k":0,"ix":6},"o":{"a":0,"k":50,"ix":7},"sk":{"a":0,"k":0,"ix":4},"sa":{"a":0,"k":0,"ix":5},"nm":"Transform"}],"nm":"Group 4","np":2,"cix":2,"bm":0,"ix":4,"mn":"ADBE Vector Group","hd":false},{"ty":"gr","it":[{"ind":0,"ty":"sh","ix":1,"ks":{"a":1,"k":[{"i":{"x":0.833,"y":0.833},"o":{"x":0.167,"y":0.167},"t":65,"s":[{"i":[[0,0],[0,0],[0,0],[-1.163,3.765],[-0.134,0.385],[0,0],[-2.092,2.092],[0,0],[-2.929,1.673],[0,0],[-2.51,2.51],[0,0],[0,0],[0,0]],"o":[[0,0],[0,0],[-5.02,-5.02],[0.142,-0.46],[0.954,-2.778],[0,0],[2.092,-2.092],[0,0],[2.929,-1.673],[0,0],[2.51,-2.51],[0,0],[0,0],[0,0]],"v":[[-30.35,250],[-63.237,250],[-64.749,210.683],[-76.043,186.409],[-75.633,185.137],[-74.002,181.389],[-75.115,174.277],[-69.676,170.93],[-69.676,160.889],[-59.635,157.961],[-59.635,152.104],[-52.247,143.879],[-40.424,142.992],[-33.546,142.481]],"c":true}]},{"i":{"x":0.833,"y":0.833},"o":{"x":0.167,"y":0.167},"t":120,"s":[{"i":[[0,0],[0,0],[0,0],[-1.163,3.765],[-0.134,0.385],[0,0],[-2.092,2.092],[0,0],[-2.929,1.673],[0,0],[-2.51,2.51],[0,0],[0,0],[0,0]],"o":[[0,0],[0,0],[-5.02,-5.02],[0.142,-0.46],[0.954,-2.778],[0,0],[2.092,-2.092],[0,0],[2.929,-1.673],[0,0],[2.51,-2.51],[0,0],[0,0],[0,0]],"v":[[-30.325,265.875],[-63.223,265.625],[-64.749,210.683],[-76.043,186.409],[-75.633,185.137],[-74.002,181.389],[-75.115,174.277],[-69.676,170.93],[-69.676,160.889],[-59.635,157.961],[-59.635,152.104],[-52.247,143.879],[-40.424,142.992],[-33.546,142.481]],"c":true}]},{"t":180,"s":[{"i":[[0,0],[0,0],[0,0],[-1.163,3.765],[-0.134,0.385],[0,0],[-2.092,2.092],[0,0],[-2.929,1.673],[0,0],[-2.51,2.51],[0,0],[0,0],[0,0]],"o":[[0,0],[0,0],[-5.02,-5.02],[0.142,-0.46],[0.954,-2.778],[0,0],[2.092,-2.092],[0,0],[2.929,-1.673],[0,0],[2.51,-2.51],[0,0],[0,0],[0,0]],"v":[[-30.35,250],[-63.237,250],[-64.749,210.683],[-76.043,186.409],[-75.633,185.137],[-74.002,181.389],[-75.115,174.277],[-69.676,170.93],[-69.676,160.889],[-59.635,157.961],[-59.635,152.104],[-52.247,143.879],[-40.424,142.992],[-33.546,142.481]],"c":true}]}],"ix":2},"nm":"Path 1","mn":"ADBE Vector Shape - Group","hd":false},{"ty":"fl","c":{"a":0,"k":[1,0.588235318661,0.403921574354,1],"ix":4},"o":{"a":0,"k":100,"ix":5},"r":1,"bm":0,"nm":"Fill 1","mn":"ADBE Vector Graphic - Fill","hd":false},{"ty":"tr","p":{"a":0,"k":[0,0],"ix":2},"a":{"a":0,"k":[0,0],"ix":1},"s":{"a":0,"k":[100,100],"ix":3},"r":{"a":0,"k":0,"ix":6},"o":{"a":0,"k":100,"ix":7},"sk":{"a":0,"k":0,"ix":4},"sa":{"a":0,"k":0,"ix":5},"nm":"Transform"}],"nm":"Group 5","np":2,"cix":2,"bm":0,"ix":5,"mn":"ADBE Vector Group","hd":false}],"ip":0,"op":211,"st":0,"bm":0},{"ddd":0,"ind":2,"ty":4,"nm":"SHIRT","sr":1,"ks":{"o":{"a":0,"k":100,"ix":11},"r":{"a":0,"k":0,"ix":10},"p":{"a":0,"k":[200,250,0],"ix":2},"a":{"a":0,"k":[0,0,0],"ix":1},"s":{"a":0,"k":[100,100,100],"ix":6}},"ao":0,"shapes":[{"ty":"gr","it":[{"ind":0,"ty":"sh","ix":1,"ks":{"a":0,"k":{"i":[[0,0],[1.952,-34.585]],"o":[[0,0],[0,0]],"v":[[2.389,184.016],[-5.065,250]],"c":false},"ix":2},"nm":"Path 1","mn":"ADBE Vector Shape - Group","hd":false},{"ty":"st","c":{"a":0,"k":[0.258823543787,0.282352954149,0.450980395079,1],"ix":3},"o":{"a":0,"k":100,"ix":4},"w":{"a":0,"k":1,"ix":5},"lc":1,"lj":1,"ml":10,"bm":0,"nm":"Stroke 1","mn":"ADBE Vector Graphic - Stroke","hd":false},{"ty":"tr","p":{"a":0,"k":[0,0],"ix":2},"a":{"a":0,"k":[0,0],"ix":1},"s":{"a":0,"k":[100,100],"ix":3},"r":{"a":0,"k":0,"ix":6},"o":{"a":0,"k":100,"ix":7},"sk":{"a":0,"k":0,"ix":4},"sa":{"a":0,"k":0,"ix":5},"nm":"Transform"}],"nm":"Group 1","np":2,"cix":2,"bm":0,"ix":1,"mn":"ADBE Vector Group","hd":false},{"ty":"gr","it":[{"ind":0,"ty":"sh","ix":1,"ks":{"a":0,"k":{"i":[[0,0],[0.942,14.19],[-0.582,2.391],[-1.968,2.518],[-12.955,3.684],[-6.448,-10.126],[-1.154,-3.422],[-5.58,-22.059]],"o":[[-0.942,-14.19],[-0.163,-2.455],[0.755,-3.105],[8.806,-11.269],[11.764,2.393],[1.94,3.046],[6.653,19.721],[0,0]],"v":[[60.277,250],[56.398,206.539],[56.657,199.193],[61.32,190.904],[91.756,160.831],[124.352,177.541],[128.618,187.469],[143.314,250]],"c":false},"ix":2},"nm":"Path 1","mn":"ADBE Vector Shape - Group","hd":false},{"ty":"st","c":{"a":0,"k":[0.258823543787,0.282352954149,0.450980395079,1],"ix":3},"o":{"a":0,"k":100,"ix":4},"w":{"a":0,"k":1,"ix":5},"lc":1,"lj":1,"ml":10,"bm":0,"nm":"Stroke 1","mn":"ADBE Vector Graphic - Stroke","hd":false},{"ty":"tr","p":{"a":0,"k":[0,0],"ix":2},"a":{"a":0,"k":[0,0],"ix":1},"s":{"a":0,"k":[100,100],"ix":3},"r":{"a":0,"k":0,"ix":6},"o":{"a":0,"k":100,"ix":7},"sk":{"a":0,"k":0,"ix":4},"sa":{"a":0,"k":0,"ix":5},"nm":"Transform"}],"nm":"Group 2","np":2,"cix":2,"bm":0,"ix":2,"mn":"ADBE Vector Group","hd":false},{"ty":"gr","it":[{"ind":0,"ty":"sh","ix":1,"ks":{"a":0,"k":{"i":[[0,0],[0,0],[0,0],[0,0]],"o":[[0,0],[0,0],[0,0],[0,0]],"v":[[-8.456,164.515],[78.005,102.598],[104.223,127.141],[16.088,189.617]],"c":true},"ix":2},"nm":"Path 1","mn":"ADBE Vector Shape - Group","hd":false},{"ty":"fl","c":{"a":0,"k":[1,1,1,1],"ix":4},"o":{"a":0,"k":100,"ix":5},"r":1,"bm":0,"nm":"Fill 1","mn":"ADBE Vector Graphic - Fill","hd":false},{"ty":"tr","p":{"a":0,"k":[0,0],"ix":2},"a":{"a":0,"k":[0,0],"ix":1},"s":{"a":0,"k":[100,100],"ix":3},"r":{"a":0,"k":0,"ix":6},"o":{"a":0,"k":100,"ix":7},"sk":{"a":0,"k":0,"ix":4},"sa":{"a":0,"k":0,"ix":5},"nm":"Transform"}],"nm":"Group 3","np":2,"cix":2,"bm":0,"ix":3,"mn":"ADBE Vector Group","hd":false},{"ty":"gr","it":[{"ind":0,"ty":"sh","ix":1,"ks":{"a":0,"k":{"i":[[0,0],[-3.905,8.925],[0,0],[-11.156,-8.925],[0,0]],"o":[[0,0],[3.905,-8.925],[0,0],[11.156,8.925],[0,0]],"v":[[-16.265,250],[-4.551,189.617],[90.277,124.352],[126.535,152.243],[148.29,250]],"c":true},"ix":2},"nm":"Path 1","mn":"ADBE Vector Shape - Group","hd":false},{"ty":"fl","c":{"a":0,"k":[0.184313729405,0.203921571374,0.321568638086,1],"ix":4},"o":{"a":0,"k":100,"ix":5},"r":1,"bm":0,"nm":"Fill 1","mn":"ADBE Vector Graphic - Fill","hd":false},{"ty":"tr","p":{"a":0,"k":[0,0],"ix":2},"a":{"a":0,"k":[0,0],"ix":1},"s":{"a":0,"k":[100,100],"ix":3},"r":{"a":0,"k":0,"ix":6},"o":{"a":0,"k":100,"ix":7},"sk":{"a":0,"k":0,"ix":4},"sa":{"a":0,"k":0,"ix":5},"nm":"Transform"}],"nm":"Group 4","np":2,"cix":2,"bm":0,"ix":4,"mn":"ADBE Vector Group","hd":false}],"ip":0,"op":211,"st":0,"bm":0},{"ddd":0,"ind":3,"ty":0,"nm":"HEAD_COMP","refId":"comp_0","sr":1,"ks":{"o":{"a":0,"k":100,"ix":11},"r":{"a":1,"k":[{"i":{"x":[0.667],"y":[1]},"o":{"x":[0.333],"y":[0]},"t":65,"s":[0]},{"i":{"x":[0.667],"y":[1]},"o":{"x":[0.333],"y":[0]},"t":120,"s":[12]},{"t":180,"s":[0]}],"ix":10},"p":{"a":1,"k":[{"i":{"x":0.667,"y":1},"o":{"x":0.333,"y":0},"t":65,"s":[200,250,0],"to":[5.167,0.333,0],"ti":[0,0,0]},{"i":{"x":0.667,"y":1},"o":{"x":0.333,"y":0},"t":120,"s":[231,252,0],"to":[0,0,0],"ti":[5.167,0.333,0]},{"t":180,"s":[200,250,0]}],"ix":2},"a":{"a":0,"k":[250,250,0],"ix":1},"s":{"a":0,"k":[100,100,100],"ix":6}},"ao":0,"w":500,"h":500,"ip":0,"op":210,"st":0,"bm":0},{"ddd":0,"ind":4,"ty":4,"nm":"Dash_01","sr":1,"ks":{"o":{"a":0,"k":100,"ix":11},"r":{"a":0,"k":0,"ix":10},"p":{"a":0,"k":[231,214.5,0],"ix":2},"a":{"a":0,"k":[34.5,-39.5,0],"ix":1},"s":{"a":0,"k":[100,100,100],"ix":6}},"ao":0,"shapes":[{"ty":"gr","it":[{"ind":0,"ty":"sh","ix":1,"ks":{"a":1,"k":[{"i":{"x":0.833,"y":0.833},"o":{"x":0.167,"y":0.167},"t":65,"s":[{"i":[[0,0],[-3.512,7.559],[-8.272,-1.025],[-1.071,-4.702],[4.815,0.268],[1.277,2.663],[-0.313,2.937],[-43.376,-12.944],[3.36,-42.258],[-7.054,64.73]],"o":[[-10.177,-12.982],[3.512,-7.559],[4.786,0.593],[1.071,4.702],[-2.949,-0.164],[-1.277,-2.663],[0.714,-6.698],[155.187,46.312],[-2.007,25.248],[0,0]],"v":[[39.677,-42.018],[22.082,-81.423],[41.89,-93.843],[52.435,-85.29],[44.922,-75.318],[38.115,-80.315],[37.003,-88.99],[100.313,-144.812],[133.64,-170.242],[223.054,-249.73]],"c":false}]},{"i":{"x":0.833,"y":0.833},"o":{"x":0.167,"y":0.167},"t":120,"s":[{"i":[[0,0],[-3.512,7.559],[-8.272,-1.025],[-1.071,-4.702],[4.815,0.268],[1.277,2.663],[-0.313,2.937],[-43.376,-12.944],[3.36,-42.258],[-7.054,64.73]],"o":[[-10.177,-12.982],[3.512,-7.559],[4.786,0.593],[1.071,4.702],[-2.949,-0.164],[-1.277,-2.663],[0.714,-6.698],[155.187,46.312],[-2.007,25.248],[0,0]],"v":[[64.927,-45.018],[37.832,-91.923],[57.64,-104.343],[68.185,-95.79],[60.672,-85.818],[53.865,-90.815],[52.753,-99.49],[100.313,-144.812],[133.64,-170.242],[223.054,-249.73]],"c":false}]},{"t":180,"s":[{"i":[[0,0],[-3.512,7.559],[-8.272,-1.025],[-1.071,-4.702],[4.815,0.268],[1.277,2.663],[-0.313,2.937],[-43.376,-12.944],[3.36,-42.258],[-7.054,64.73]],"o":[[-10.177,-12.982],[3.512,-7.559],[4.786,0.593],[1.071,4.702],[-2.949,-0.164],[-1.277,-2.663],[0.714,-6.698],[155.187,46.312],[-2.007,25.248],[0,0]],"v":[[39.677,-42.018],[22.082,-81.423],[41.89,-93.843],[52.435,-85.29],[44.922,-75.318],[38.115,-80.315],[37.003,-88.99],[100.313,-144.812],[133.64,-170.242],[223.054,-249.73]],"c":false}]}],"ix":2},"nm":"Path 1","mn":"ADBE Vector Shape - Group","hd":false},{"ty":"st","c":{"a":0,"k":[0.8862745098039215,0.8862745098039215,0.8862745098039215,1],"ix":3},"o":{"a":0,"k":100,"ix":4},"w":{"a":0,"k":0.5,"ix":5},"lc":1,"lj":1,"ml":10,"bm":0,"d":[{"n":"d","nm":"dash","v":{"a":0,"k":2,"ix":1}},{"n":"g","nm":"gap","v":{"a":0,"k":2,"ix":2}},{"n":"d","nm":"dash2","v":{"a":0,"k":10,"ix":3}},{"n":"o","nm":"offset","v":{"a":1,"k":[{"i":{"x":[0.833],"y":[0.833]},"o":{"x":[0.167],"y":[0.167]},"t":23,"s":[0]},{"t":209,"s":[-160]}],"ix":7}}],"nm":"Stroke 1","mn":"ADBE Vector Graphic - Stroke","hd":false},{"ty":"tr","p":{"a":0,"k":[0,0],"ix":2},"a":{"a":0,"k":[0,0],"ix":1},"s":{"a":0,"k":[100,100],"ix":3},"r":{"a":0,"k":0,"ix":6},"o":{"a":0,"k":100,"ix":7},"sk":{"a":0,"k":0,"ix":4},"sa":{"a":0,"k":0,"ix":5},"nm":"Transform"}],"nm":"Group 1","np":2,"cix":2,"bm":0,"ix":1,"mn":"ADBE Vector Group","hd":false},{"ty":"tm","s":{"a":1,"k":[{"i":{"x":[0.833],"y":[0.833]},"o":{"x":[0.167],"y":[0.167]},"t":163,"s":[0]},{"t":209,"s":[100]}],"ix":1},"e":{"a":1,"k":[{"i":{"x":[0.833],"y":[0.833]},"o":{"x":[0.167],"y":[0.167]},"t":20,"s":[0]},{"t":209,"s":[100]}],"ix":2},"o":{"a":0,"k":0,"ix":3},"m":1,"ix":2,"nm":"Trim Paths 1","mn":"ADBE Vector Filter - Trim","hd":false}],"ip":0,"op":213,"st":0,"bm":0},{"ddd":0,"ind":5,"ty":4,"nm":"Paper_plane","sr":1,"ks":{"o":{"a":0,"k":100,"ix":11},"r":{"a":1,"k":[{"i":{"x":[0.833],"y":[0.833]},"o":{"x":[0.167],"y":[0.167]},"t":15,"s":[-105]},{"i":{"x":[0.833],"y":[0.833]},"o":{"x":[0.167],"y":[0.167]},"t":29,"s":[-62]},{"i":{"x":[0.833],"y":[0.833]},"o":{"x":[0.167],"y":[0.167]},"t":36,"s":[-4]},{"i":{"x":[0.833],"y":[0.833]},"o":{"x":[0.167],"y":[0.167]},"t":45,"s":[54]},{"i":{"x":[0.833],"y":[0.833]},"o":{"x":[0.167],"y":[0.167]},"t":52,"s":[184]},{"i":{"x":[0.833],"y":[0.833]},"o":{"x":[0.167],"y":[0.167]},"t":59,"s":[265]},{"i":{"x":[0.833],"y":[0.833]},"o":{"x":[0.167],"y":[0.167]},"t":67,"s":[325]},{"i":{"x":[0.833],"y":[0.833]},"o":{"x":[0.167],"y":[0.167]},"t":78,"s":[341]},{"i":{"x":[0.833],"y":[0.833]},"o":{"x":[0.167],"y":[0.167]},"t":84,"s":[360]},{"i":{"x":[0.833],"y":[0.833]},"o":{"x":[0.167],"y":[0.167]},"t":93,"s":[399]},{"i":{"x":[0.833],"y":[0.833]},"o":{"x":[0.167],"y":[0.167]},"t":110,"s":[396]},{"i":{"x":[0.833],"y":[0.833]},"o":{"x":[0.167],"y":[0.167]},"t":127,"s":[336]},{"i":{"x":[0.833],"y":[0.833]},"o":{"x":[0.167],"y":[0.167]},"t":138,"s":[244]},{"i":{"x":[0.833],"y":[0.833]},"o":{"x":[0.167],"y":[0.167]},"t":149,"s":[179]},{"i":{"x":[0.833],"y":[0.833]},"o":{"x":[0.167],"y":[0.167]},"t":155,"s":[100]},{"i":{"x":[0.833],"y":[0.833]},"o":{"x":[0.167],"y":[0.167]},"t":160,"s":[27]},{"i":{"x":[0.833],"y":[0.833]},"o":{"x":[0.167],"y":[0.167]},"t":166,"s":[-8]},{"t":180,"s":[-32]}],"ix":10},"p":{"a":1,"k":[{"i":{"x":0.588,"y":0.588},"o":{"x":0.167,"y":0.167},"t":15,"s":[239.677,207.982,0],"to":[-10.177,-12.982,0],"ti":[-3.512,7.559,0]},{"i":{"x":0.647,"y":0.647},"o":{"x":0.312,"y":0.312},"t":32.019,"s":[222.082,168.577,0],"to":[3.512,-7.559,0],"ti":[-8.272,-1.025,0]},{"i":{"x":0.658,"y":0.658},"o":{"x":0.324,"y":0.324},"t":41.574,"s":[241.89,156.157,0],"to":[4.786,0.593,0],"ti":[-1.071,-4.702,0]},{"i":{"x":0.66,"y":0.66},"o":{"x":0.326,"y":0.326},"t":47.104,"s":[252.435,164.71,0],"to":[1.071,4.702,0],"ti":[4.815,0.268,0]},{"i":{"x":0.663,"y":0.663},"o":{"x":0.329,"y":0.329},"t":52.571,"s":[244.922,174.682,0],"to":[-2.949,-0.164,0],"ti":[1.277,2.663,0]},{"i":{"x":0.663,"y":0.663},"o":{"x":0.33,"y":0.33},"t":55.963,"s":[238.115,169.685,0],"to":[-1.277,-2.663,0],"ti":[-0.313,2.937,0]},{"i":{"x":0.651,"y":0.651},"o":{"x":0.31,"y":0.31},"t":59.36,"s":[237.003,161.01,0],"to":[0.714,-6.698,0],"ti":[-43.376,-12.944,0]},{"i":{"x":0.686,"y":0.686},"o":{"x":0.335,"y":0.335},"t":95.696,"s":[300.313,105.188,0],"to":[155.187,46.312,0],"ti":[3.36,-42.258,0]},{"i":{"x":0.833,"y":0.833},"o":{"x":0.434,"y":0.434},"t":155.409,"s":[333.64,79.758,0],"to":[-2.007,25.248,0],"ti":[-7.054,64.73,0]},{"t":209,"s":[423.054,0.27,0]}],"ix":2},"a":{"a":0,"k":[78.097,-119.33,0],"ix":1},"s":{"a":1,"k":[{"i":{"x":[0.833,0.833,0.833],"y":[0.833,0.833,0.833]},"o":{"x":[0.167,0.167,0.167],"y":[0.167,0.167,0.167]},"t":15,"s":[0,0,100]},{"i":{"x":[0.833,0.833,0.833],"y":[0.833,0.833,0.833]},"o":{"x":[0.167,0.167,0.167],"y":[0.167,0.167,0.167]},"t":29,"s":[100,100,100]},{"i":{"x":[0.833,0.833,0.833],"y":[0.833,0.833,0.833]},"o":{"x":[0.167,0.167,0.167],"y":[0.167,0.167,0.167]},"t":49,"s":[80,80,100]},{"i":{"x":[0.833,0.833,0.833],"y":[0.833,0.833,0.833]},"o":{"x":[0.167,0.167,0.167],"y":[0.167,0.167,0.167]},"t":66,"s":[100,100,100]},{"i":{"x":[0.833,0.833,0.833],"y":[0.833,0.833,0.833]},"o":{"x":[0.167,0.167,0.167],"y":[0.167,0.167,0.167]},"t":142,"s":[100,100,100]},{"i":{"x":[0.833,0.833,0.833],"y":[0.833,0.833,0.833]},"o":{"x":[0.167,0.167,0.167],"y":[0.167,0.167,0.167]},"t":156,"s":[70,70,100]},{"t":169,"s":[100,100,100]}],"ix":6}},"ao":0,"shapes":[{"ty":"gr","it":[{"ind":0,"ty":"sh","ix":1,"ks":{"a":0,"k":{"i":[[0,0],[0,0],[0,0]],"o":[[0,0],[0,0],[0,0]],"v":[[55.206,-127.857],[64.594,-123.374],[100.989,-129.668]],"c":true},"ix":2},"nm":"Path 1","mn":"ADBE Vector Shape - Group","hd":false},{"ty":"fl","c":{"a":0,"k":[1,0.690196096897,0.380392163992,1],"ix":4},"o":{"a":0,"k":100,"ix":5},"r":1,"bm":0,"nm":"Fill 1","mn":"ADBE Vector Graphic - Fill","hd":false},{"ty":"tr","p":{"a":0,"k":[0,0],"ix":2},"a":{"a":0,"k":[0,0],"ix":1},"s":{"a":0,"k":[100,100],"ix":3},"r":{"a":0,"k":0,"ix":6},"o":{"a":0,"k":100,"ix":7},"sk":{"a":0,"k":0,"ix":4},"sa":{"a":0,"k":0,"ix":5},"nm":"Transform"}],"nm":"Group 1","np":2,"cix":2,"bm":0,"ix":1,"mn":"ADBE Vector Group","hd":false},{"ty":"gr","it":[{"ind":0,"ty":"sh","ix":1,"ks":{"a":0,"k":{"i":[[0,0],[0,0],[0,0],[0,0]],"o":[[0,0],[0,0],[0,0],[0,0]],"v":[[64.594,-123.374],[63.987,-111.337],[68.535,-121.156],[100.989,-129.668]],"c":true},"ix":2},"nm":"Path 1","mn":"ADBE Vector Shape - Group","hd":false},{"ty":"fl","c":{"a":0,"k":[1,0.61960786581,0.239215686917,1],"ix":4},"o":{"a":0,"k":100,"ix":5},"r":1,"bm":0,"nm":"Fill 1","mn":"ADBE Vector Graphic - Fill","hd":false},{"ty":"tr","p":{"a":0,"k":[0,0],"ix":2},"a":{"a":0,"k":[0,0],"ix":1},"s":{"a":0,"k":[100,100],"ix":3},"r":{"a":0,"k":0,"ix":6},"o":{"a":0,"k":100,"ix":7},"sk":{"a":0,"k":0,"ix":4},"sa":{"a":0,"k":0,"ix":5},"nm":"Transform"}],"nm":"Group 2","np":2,"cix":2,"bm":0,"ix":2,"mn":"ADBE Vector Group","hd":false},{"ty":"gr","it":[{"ind":0,"ty":"sh","ix":1,"ks":{"a":0,"k":{"i":[[0,0],[0,0],[0,0]],"o":[[0,0],[0,0],[0,0]],"v":[[68.535,-121.156],[100.989,-129.668],[72.715,-108.992]],"c":true},"ix":2},"nm":"Path 1","mn":"ADBE Vector Shape - Group","hd":false},{"ty":"fl","c":{"a":0,"k":[1,0.690196096897,0.380392163992,1],"ix":4},"o":{"a":0,"k":100,"ix":5},"r":1,"bm":0,"nm":"Fill 1","mn":"ADBE Vector Graphic - Fill","hd":false},{"ty":"tr","p":{"a":0,"k":[0,0],"ix":2},"a":{"a":0,"k":[0,0],"ix":1},"s":{"a":0,"k":[100,100],"ix":3},"r":{"a":0,"k":0,"ix":6},"o":{"a":0,"k":100,"ix":7},"sk":{"a":0,"k":0,"ix":4},"sa":{"a":0,"k":0,"ix":5},"nm":"Transform"}],"nm":"Group 3","np":2,"cix":2,"bm":0,"ix":3,"mn":"ADBE Vector Group","hd":false},{"ty":"gr","it":[{"ind":0,"ty":"sh","ix":1,"ks":{"a":0,"k":{"i":[[0,0],[0,0],[0,0]],"o":[[0,0],[0,0],[0,0]],"v":[[100.989,-129.668],[68.535,-121.156],[63.987,-111.337]],"c":true},"ix":2},"nm":"Path 1","mn":"ADBE Vector Shape - Group","hd":false},{"ty":"fl","c":{"a":0,"k":[0.819607853889,0.505882382393,0.196078434587,1],"ix":4},"o":{"a":0,"k":100,"ix":5},"r":1,"bm":0,"nm":"Fill 1","mn":"ADBE Vector Graphic - Fill","hd":false},{"ty":"tr","p":{"a":0,"k":[0,0],"ix":2},"a":{"a":0,"k":[0,0],"ix":1},"s":{"a":0,"k":[100,100],"ix":3},"r":{"a":0,"k":0,"ix":6},"o":{"a":0,"k":100,"ix":7},"sk":{"a":0,"k":0,"ix":4},"sa":{"a":0,"k":0,"ix":5},"nm":"Transform"}],"nm":"Group 4","np":2,"cix":2,"bm":0,"ix":4,"mn":"ADBE Vector Group","hd":false}],"ip":0,"op":213,"st":0,"bm":0},{"ddd":0,"ind":6,"ty":4,"nm":"Dash_02","sr":1,"ks":{"o":{"a":0,"k":100,"ix":11},"r":{"a":0,"k":0,"ix":10},"p":{"a":0,"k":[163.875,176.25,0],"ix":2},"a":{"a":0,"k":[-32.625,-77.75,0],"ix":1},"s":{"a":0,"k":[100,100,100],"ix":6}},"ao":0,"shapes":[{"ty":"gr","it":[{"ind":0,"ty":"sh","ix":1,"ks":{"a":1,"k":[{"i":{"x":0.833,"y":0.833},"o":{"x":0.167,"y":0.167},"t":65,"s":[{"i":[[0,0],[-1.568,2.528],[38.565,8.303],[-26.843,40.396],[2.627,3.012]],"o":[[1.789,-2.376],[17.561,-28.305],[-39.495,-8.503],[14.545,-21.888],[0,0]],"v":[[-32.195,-77.943],[-5.061,-97.695],[-33.505,-144.497],[-75.657,-208.896],[-162.884,-255.492]],"c":false}]},{"i":{"x":0.833,"y":0.833},"o":{"x":0.167,"y":0.167},"t":120,"s":[{"i":[[0,0],[-1.568,2.528],[38.565,8.303],[-26.843,40.396],[2.627,3.012]],"o":[[1.789,-2.376],[17.561,-28.305],[-39.496,-8.503],[14.545,-21.888],[0,0]],"v":[[10.055,-76.443],[29.689,-103.945],[-28.505,-152.497],[-75.657,-208.896],[-162.884,-255.492]],"c":false}]},{"t":180,"s":[{"i":[[0,0],[-1.568,2.528],[38.565,8.303],[-26.843,40.396],[2.627,3.012]],"o":[[1.789,-2.376],[17.561,-28.305],[-39.495,-8.503],[14.545,-21.888],[0,0]],"v":[[-32.195,-77.943],[-5.061,-97.695],[-33.505,-144.497],[-75.657,-208.896],[-162.884,-255.492]],"c":false}]}],"ix":2},"nm":"Path 1","mn":"ADBE Vector Shape - Group","hd":false},{"ty":"tm","s":{"a":1,"k":[{"i":{"x":[0.833],"y":[0.833]},"o":{"x":[0.167],"y":[0.167]},"t":163,"s":[0]},{"t":209,"s":[100]}],"ix":1},"e":{"a":1,"k":[{"i":{"x":[0.833],"y":[0.833]},"o":{"x":[0.167],"y":[0.167]},"t":29,"s":[0]},{"t":150,"s":[100]}],"ix":2},"o":{"a":0,"k":0,"ix":3},"m":1,"ix":2,"nm":"Trim Paths 1","mn":"ADBE Vector Filter - Trim","hd":false},{"ty":"st","c":{"a":0,"k":[0.8588235294117647,0.8588235294117647,0.8588235294117647,1],"ix":3},"o":{"a":0,"k":100,"ix":4},"w":{"a":0,"k":0.5,"ix":5},"lc":1,"lj":1,"ml":10,"bm":0,"d":[{"n":"d","nm":"dash","v":{"a":0,"k":2,"ix":1}},{"n":"g","nm":"gap","v":{"a":0,"k":2,"ix":2}},{"n":"d","nm":"dash2","v":{"a":0,"k":10,"ix":3}},{"n":"g","nm":"gap2","v":{"a":0,"k":10,"ix":4}},{"n":"o","nm":"offset","v":{"a":1,"k":[{"i":{"x":[0.833],"y":[0.833]},"o":{"x":[0.167],"y":[0.167]},"t":29,"s":[0]},{"t":209,"s":[-160]}],"ix":7}}],"nm":"Stroke 1","mn":"ADBE Vector Graphic - Stroke","hd":false},{"ty":"tr","p":{"a":0,"k":[0,0],"ix":2},"a":{"a":0,"k":[0,0],"ix":1},"s":{"a":0,"k":[100,100],"ix":3},"r":{"a":0,"k":0,"ix":6},"o":{"a":0,"k":100,"ix":7},"sk":{"a":0,"k":0,"ix":4},"sa":{"a":0,"k":0,"ix":5},"nm":"Transform"}],"nm":"Group 1","np":3,"cix":2,"bm":0,"ix":1,"mn":"ADBE Vector Group","hd":false}],"ip":0,"op":213,"st":0,"bm":0},{"ddd":0,"ind":7,"ty":4,"nm":"idea","sr":1,"ks":{"o":{"a":0,"k":100,"ix":11},"r":{"a":1,"k":[{"i":{"x":[0.833],"y":[0.833]},"o":{"x":[0.167],"y":[0.167]},"t":25,"s":[78]},{"i":{"x":[0.833],"y":[0.833]},"o":{"x":[0.167],"y":[0.167]},"t":37,"s":[64]},{"i":{"x":[0.833],"y":[0.833]},"o":{"x":[0.167],"y":[0.167]},"t":45,"s":[36]},{"i":{"x":[0.833],"y":[0.833]},"o":{"x":[0.167],"y":[0.167]},"t":51,"s":[19]},{"i":{"x":[0.833],"y":[0.833]},"o":{"x":[0.167],"y":[0.167]},"t":56,"s":[-44]},{"i":{"x":[0.833],"y":[0.833]},"o":{"x":[0.167],"y":[0.167]},"t":78,"s":[-30]},{"i":{"x":[0.833],"y":[0.833]},"o":{"x":[0.167],"y":[0.167]},"t":87,"s":[5]},{"i":{"x":[0.833],"y":[0.833]},"o":{"x":[0.167],"y":[0.167]},"t":95,"s":[47]},{"i":{"x":[0.833],"y":[0.833]},"o":{"x":[0.167],"y":[0.167]},"t":106,"s":[36]},{"i":{"x":[0.833],"y":[0.833]},"o":{"x":[0.167],"y":[0.167]},"t":112,"s":[-30]},{"i":{"x":[0.833],"y":[0.833]},"o":{"x":[0.167],"y":[0.167]},"t":119,"s":[-40]},{"t":143,"s":[-34]}],"ix":10},"p":{"a":1,"k":[{"i":{"x":0.581,"y":0.581},"o":{"x":0.167,"y":0.167},"t":25,"s":[167.805,172.057,0],"to":[1.789,-2.376,0],"ti":[-1.568,2.528,0]},{"i":{"x":0.626,"y":0.626},"o":{"x":0.277,"y":0.277},"t":38.397,"s":[194.939,152.305,0],"to":[17.561,-28.305,0],"ti":[38.565,8.303,0]},{"i":{"x":0.674,"y":0.674},"o":{"x":0.325,"y":0.325},"t":68.979,"s":[155.495,107.503,0],"to":[-39.495,-8.503,0],"ti":[-26.843,40.396,0]},{"i":{"x":0.833,"y":0.833},"o":{"x":0.43,"y":0.43},"t":106.346,"s":[121.093,45.354,0],"to":[10.295,-26.388,0],"ti":[5.627,14.512,0]},{"t":150,"s":[30.616,-4.117,0]}],"ix":2},"a":{"a":0,"k":[-12.851,-117.815,0],"ix":1},"s":{"a":1,"k":[{"i":{"x":[0.833,0.833,0.833],"y":[0.833,0.833,0.833]},"o":{"x":[0.167,0.167,0.167],"y":[0.167,0.167,0.167]},"t":25,"s":[0,0,100]},{"t":38,"s":[100,100,100]}],"ix":6}},"ao":0,"shapes":[{"ty":"gr","it":[{"ind":0,"ty":"sh","ix":1,"ks":{"a":0,"k":{"i":[[-0.62,0.05],[-0.068,-0.846],[0.62,-0.05],[0.068,0.846]],"o":[[0.62,-0.05],[0.068,0.846],[-0.62,0.05],[-0.068,-0.846]],"v":[[-26.324,-129.59],[-25.079,-128.148],[-26.079,-126.526],[-27.324,-127.968]],"c":true},"ix":2},"nm":"Path 1","mn":"ADBE Vector Shape - Group","hd":false},{"ty":"fl","c":{"a":0,"k":[1,1,1,1],"ix":4},"o":{"a":0,"k":100,"ix":5},"r":1,"bm":0,"nm":"Fill 1","mn":"ADBE Vector Graphic - Fill","hd":false},{"ty":"tr","p":{"a":0,"k":[0,0],"ix":2},"a":{"a":0,"k":[0,0],"ix":1},"s":{"a":0,"k":[100,100],"ix":3},"r":{"a":0,"k":0,"ix":6},"o":{"a":0,"k":100,"ix":7},"sk":{"a":0,"k":0,"ix":4},"sa":{"a":0,"k":0,"ix":5},"nm":"Transform"}],"nm":"Group 1","np":2,"cix":2,"bm":0,"ix":1,"mn":"ADBE Vector Group","hd":false},{"ty":"gr","it":[{"ind":0,"ty":"sh","ix":1,"ks":{"a":0,"k":{"i":[[-1,-0.559],[0.83,-1.485],[1,0.559],[-0.83,1.485]],"o":[[1,0.559],[-0.83,1.485],[-1,-0.559],[0.83,-1.485]],"v":[[-22.87,-135.839],[-22.563,-132.139],[-25.877,-130.462],[-26.184,-134.163]],"c":true},"ix":2},"nm":"Path 1","mn":"ADBE Vector Shape - Group","hd":false},{"ty":"fl","c":{"a":0,"k":[1,1,1,1],"ix":4},"o":{"a":0,"k":100,"ix":5},"r":1,"bm":0,"nm":"Fill 1","mn":"ADBE Vector Graphic - Fill","hd":false},{"ty":"tr","p":{"a":0,"k":[0,0],"ix":2},"a":{"a":0,"k":[0,0],"ix":1},"s":{"a":0,"k":[100,100],"ix":3},"r":{"a":0,"k":0,"ix":6},"o":{"a":0,"k":100,"ix":7},"sk":{"a":0,"k":0,"ix":4},"sa":{"a":0,"k":0,"ix":5},"nm":"Transform"}],"nm":"Group 2","np":2,"cix":2,"bm":0,"ix":2,"mn":"ADBE Vector Group","hd":false},{"ty":"gr","it":[{"ind":0,"ty":"sh","ix":1,"ks":{"a":0,"k":{"i":[[-0.148,-0.269],[0.269,-0.148],[0.148,0.269],[-0.269,0.148]],"o":[[0.148,0.269],[-0.269,0.148],[-0.148,-0.269],[0.269,-0.148]],"v":[[-13.663,-130.057],[-13.883,-129.301],[-14.638,-129.521],[-14.418,-130.277]],"c":true},"ix":2},"nm":"Path 1","mn":"ADBE Vector Shape - Group","hd":false},{"ty":"fl","c":{"a":0,"k":[1,0.964705884457,0,1],"ix":4},"o":{"a":1,"k":[{"i":{"x":[0.833],"y":[0.833]},"o":{"x":[0.167],"y":[0.167]},"t":34,"s":[0]},{"i":{"x":[0.833],"y":[0.833]},"o":{"x":[0.167],"y":[0.167]},"t":53,"s":[100]},{"i":{"x":[0.833],"y":[0.833]},"o":{"x":[0.167],"y":[0.167]},"t":72,"s":[0]},{"i":{"x":[0.833],"y":[0.833]},"o":{"x":[0.167],"y":[0.167]},"t":91,"s":[100]},{"i":{"x":[0.833],"y":[0.833]},"o":{"x":[0.167],"y":[0.167]},"t":109,"s":[0]},{"i":{"x":[0.833],"y":[0.833]},"o":{"x":[0.167],"y":[0.167]},"t":128,"s":[100]},{"t":144,"s":[0]}],"ix":5},"r":1,"bm":0,"nm":"Fill 2","mn":"ADBE Vector Graphic - Fill","hd":false},{"ty":"fl","c":{"a":0,"k":[0.960784316063,0.654901981354,0.121568627656,1],"ix":4},"o":{"a":0,"k":100,"ix":5},"r":1,"bm":0,"nm":"Fill 1","mn":"ADBE Vector Graphic - Fill","hd":false},{"ty":"tr","p":{"a":0,"k":[0,0],"ix":2},"a":{"a":0,"k":[0,0],"ix":1},"s":{"a":0,"k":[100,100],"ix":3},"r":{"a":0,"k":0,"ix":6},"o":{"a":0,"k":100,"ix":7},"sk":{"a":0,"k":0,"ix":4},"sa":{"a":0,"k":0,"ix":5},"nm":"Transform"}],"nm":"Group 3","np":3,"cix":2,"bm":0,"ix":3,"mn":"ADBE Vector Group","hd":false},{"ty":"gr","it":[{"ind":0,"ty":"sh","ix":1,"ks":{"a":0,"k":{"i":[[-0.34,-0.62],[0.62,-0.34],[0.34,0.62],[-0.62,0.34]],"o":[[0.34,0.62],[-0.62,0.34],[-0.34,-0.62],[0.62,-0.34]],"v":[[-15.364,-131.998],[-15.87,-130.259],[-17.609,-130.765],[-17.103,-132.504]],"c":true},"ix":2},"nm":"Path 1","mn":"ADBE Vector Shape - Group","hd":false},{"ty":"fl","c":{"a":0,"k":[1,0.964705884457,0,1],"ix":4},"o":{"a":1,"k":[{"i":{"x":[0.833],"y":[0.833]},"o":{"x":[0.167],"y":[0.167]},"t":34,"s":[0]},{"i":{"x":[0.833],"y":[0.833]},"o":{"x":[0.167],"y":[0.167]},"t":53,"s":[100]},{"i":{"x":[0.833],"y":[0.833]},"o":{"x":[0.167],"y":[0.167]},"t":72,"s":[0]},{"i":{"x":[0.833],"y":[0.833]},"o":{"x":[0.167],"y":[0.167]},"t":91,"s":[100]},{"i":{"x":[0.833],"y":[0.833]},"o":{"x":[0.167],"y":[0.167]},"t":109,"s":[0]},{"i":{"x":[0.833],"y":[0.833]},"o":{"x":[0.167],"y":[0.167]},"t":128,"s":[100]},{"t":144,"s":[0]}],"ix":5},"r":1,"bm":0,"nm":"Fill 2","mn":"ADBE Vector Graphic - Fill","hd":false},{"ty":"fl","c":{"a":0,"k":[1,0.690196096897,0.380392163992,1],"ix":4},"o":{"a":0,"k":100,"ix":5},"r":1,"bm":0,"nm":"Fill 1","mn":"ADBE Vector Graphic - Fill","hd":false},{"ty":"tr","p":{"a":0,"k":[0,0],"ix":2},"a":{"a":0,"k":[0,0],"ix":1},"s":{"a":0,"k":[100,100],"ix":3},"r":{"a":0,"k":0,"ix":6},"o":{"a":0,"k":100,"ix":7},"sk":{"a":0,"k":0,"ix":4},"sa":{"a":0,"k":0,"ix":5},"nm":"Transform"}],"nm":"Group 4","np":3,"cix":2,"bm":0,"ix":4,"mn":"ADBE Vector Group","hd":false},{"ty":"gr","it":[{"ind":0,"ty":"sh","ix":1,"ks":{"a":0,"k":{"i":[[-0.815,-1.484],[1.76,-0.967],[0.815,1.484],[-1.76,0.967]],"o":[[0.815,1.484],[-1.76,0.967],[-0.815,-1.484],[1.76,-0.967]],"v":[[-14.095,-127.663],[-15.805,-123.225],[-20.468,-124.162],[-18.757,-128.6]],"c":true},"ix":2},"nm":"Path 1","mn":"ADBE Vector Shape - Group","hd":false},{"ty":"fl","c":{"a":0,"k":[1,0.964705884457,0,1],"ix":4},"o":{"a":1,"k":[{"i":{"x":[0.833],"y":[0.833]},"o":{"x":[0.167],"y":[0.167]},"t":34,"s":[0]},{"i":{"x":[0.833],"y":[0.833]},"o":{"x":[0.167],"y":[0.167]},"t":53,"s":[100]},{"i":{"x":[0.833],"y":[0.833]},"o":{"x":[0.167],"y":[0.167]},"t":72,"s":[0]},{"i":{"x":[0.833],"y":[0.833]},"o":{"x":[0.167],"y":[0.167]},"t":91,"s":[100]},{"i":{"x":[0.833],"y":[0.833]},"o":{"x":[0.167],"y":[0.167]},"t":109,"s":[0]},{"i":{"x":[0.833],"y":[0.833]},"o":{"x":[0.167],"y":[0.167]},"t":128,"s":[100]},{"t":144,"s":[0]}],"ix":5},"r":1,"bm":0,"nm":"Fill 2","mn":"ADBE Vector Graphic - Fill","hd":false},{"ty":"fl","c":{"a":0,"k":[1,0.690196096897,0.380392163992,1],"ix":4},"o":{"a":0,"k":100,"ix":5},"r":1,"bm":0,"nm":"Fill 1","mn":"ADBE Vector Graphic - Fill","hd":false},{"ty":"tr","p":{"a":0,"k":[0,0],"ix":2},"a":{"a":0,"k":[0,0],"ix":1},"s":{"a":0,"k":[100,100],"ix":3},"r":{"a":0,"k":0,"ix":6},"o":{"a":0,"k":100,"ix":7},"sk":{"a":0,"k":0,"ix":4},"sa":{"a":0,"k":0,"ix":5},"nm":"Transform"}],"nm":"Group 5","np":3,"cix":2,"bm":0,"ix":5,"mn":"ADBE Vector Group","hd":false},{"ty":"gr","it":[{"ind":0,"ty":"sh","ix":1,"ks":{"a":0,"k":{"i":[[-2.062,-3.754],[3.754,-2.062],[2.062,3.754],[-3.754,2.062]],"o":[[2.062,3.754],[-3.754,2.062],[-2.062,-3.754],[3.754,-2.062]],"v":[[-12.304,-132.96],[-15.368,-122.429],[-25.899,-125.493],[-22.834,-136.024]],"c":true},"ix":2},"nm":"Path 1","mn":"ADBE Vector Shape - Group","hd":false},{"ty":"fl","c":{"a":0,"k":[1,0.964705884457,0,1],"ix":4},"o":{"a":1,"k":[{"i":{"x":[0.833],"y":[0.833]},"o":{"x":[0.167],"y":[0.167]},"t":34,"s":[0]},{"i":{"x":[0.833],"y":[0.833]},"o":{"x":[0.167],"y":[0.167]},"t":53,"s":[100]},{"i":{"x":[0.833],"y":[0.833]},"o":{"x":[0.167],"y":[0.167]},"t":72,"s":[0]},{"i":{"x":[0.833],"y":[0.833]},"o":{"x":[0.167],"y":[0.167]},"t":91,"s":[100]},{"i":{"x":[0.833],"y":[0.833]},"o":{"x":[0.167],"y":[0.167]},"t":109,"s":[0]},{"i":{"x":[0.833],"y":[0.833]},"o":{"x":[0.167],"y":[0.167]},"t":128,"s":[100]},{"t":144,"s":[0]}],"ix":5},"r":1,"bm":0,"nm":"Fill 2","mn":"ADBE Vector Graphic - Fill","hd":false},{"ty":"fl","c":{"a":0,"k":[1,0.61960786581,0.239215686917,1],"ix":4},"o":{"a":0,"k":100,"ix":5},"r":1,"bm":0,"nm":"Fill 1","mn":"ADBE Vector Graphic - Fill","hd":false},{"ty":"tr","p":{"a":0,"k":[0,0],"ix":2},"a":{"a":0,"k":[0,0],"ix":1},"s":{"a":0,"k":[100,100],"ix":3},"r":{"a":0,"k":0,"ix":6},"o":{"a":0,"k":100,"ix":7},"sk":{"a":0,"k":0,"ix":4},"sa":{"a":0,"k":0,"ix":5},"nm":"Transform"}],"nm":"Group 6","np":3,"cix":2,"bm":0,"ix":6,"mn":"ADBE Vector Group","hd":false},{"ty":"gr","it":[{"ind":0,"ty":"sh","ix":1,"ks":{"a":0,"k":{"i":[[-2.336,-4.254],[3.364,-2.602],[0.085,-0.057],[0.319,-0.175],[0.266,-0.115],[0.094,-0.035],[2.144,3.904],[-4.254,2.336]],"o":[[2.111,3.843],[-0.08,0.061],[-0.285,0.211],[-0.261,0.143],[-0.095,0.039],[-4.043,1.566],[-2.336,-4.254],[4.254,-2.336]],"v":[[-11.396,-133.458],[-13.715,-122.279],[-13.96,-122.1],[-14.87,-121.521],[-15.659,-121.136],[-15.941,-121.026],[-26.806,-124.995],[-23.333,-136.931]],"c":true},"ix":2},"nm":"Path 1","mn":"ADBE Vector Shape - Group","hd":false},{"ty":"fl","c":{"a":0,"k":[1,1,1,1],"ix":4},"o":{"a":0,"k":100,"ix":5},"r":1,"bm":0,"nm":"Fill 1","mn":"ADBE Vector Graphic - Fill","hd":false},{"ty":"tr","p":{"a":0,"k":[0,0],"ix":2},"a":{"a":0,"k":[0,0],"ix":1},"s":{"a":0,"k":[100,100],"ix":3},"r":{"a":0,"k":0,"ix":6},"o":{"a":0,"k":100,"ix":7},"sk":{"a":0,"k":0,"ix":4},"sa":{"a":0,"k":0,"ix":5},"nm":"Transform"}],"nm":"Group 7","np":2,"cix":2,"bm":0,"ix":7,"mn":"ADBE Vector Group","hd":false},{"ty":"gr","it":[{"ind":0,"ty":"sh","ix":1,"ks":{"a":0,"k":{"i":[[1.212,-0.666],[0,0],[0.666,1.212],[0,0],[0,0],[0,0]],"o":[[0,0],[-1.212,0.666],[0,0],[0,0],[0,0],[0.666,1.212]],"v":[[-12.893,-117.921],[-12.893,-117.921],[-16.293,-118.911],[-18.27,-122.511],[-13.88,-124.922],[-11.903,-121.322]],"c":true},"ix":2},"nm":"Path 1","mn":"ADBE Vector Shape - Group","hd":false},{"ty":"fl","c":{"a":0,"k":[0.20000000298,0.227450981736,0.266666680574,1],"ix":4},"o":{"a":0,"k":100,"ix":5},"r":1,"bm":0,"nm":"Fill 1","mn":"ADBE Vector Graphic - Fill","hd":false},{"ty":"tr","p":{"a":0,"k":[0,0],"ix":2},"a":{"a":0,"k":[0,0],"ix":1},"s":{"a":0,"k":[100,100],"ix":3},"r":{"a":0,"k":0,"ix":6},"o":{"a":0,"k":100,"ix":7},"sk":{"a":0,"k":0,"ix":4},"sa":{"a":0,"k":0,"ix":5},"nm":"Transform"}],"nm":"Group 8","np":2,"cix":2,"bm":0,"ix":8,"mn":"ADBE Vector Group","hd":false}],"ip":0,"op":213,"st":0,"bm":0}],"markers":[{"tm":15,"cm":"1","dr":0},{"tm":29,"cm":"2","dr":0},{"tm":135,"cm":"3","dr":0}],"chars":[{"ch":"!","size":44.0417289733887,"style":"Regular","w":33.11,"data":{"shapes":[{"ty":"gr","it":[{"ind":0,"ty":"sh","ix":1,"ks":{"a":0,"k":{"i":[[1.172,1.254],[1.823,0],[1.172,-1.27],[0,-1.855],[-1.058,-9.309],[-0.716,-8.691],[0,0],[-1.074,9.31],[0,1.628]],"o":[[-1.172,-1.253],[-1.823,0],[-1.172,1.27],[0,1.628],[1.057,9.31],[0,0],[0.813,-8.691],[1.074,-9.309],[0,-1.888]],"v":[[21.289,-69.214],[16.797,-71.094],[12.305,-69.189],[10.547,-64.502],[12.134,-48.096],[14.795,-21.094],[18.604,-21.094],[21.436,-48.096],[23.047,-64.502]],"c":true},"ix":2},"nm":"!","mn":"ADBE Vector Shape - Group","hd":false},{"ind":1,"ty":"sh","ix":2,"ks":{"a":0,"k":{"i":[[1.318,1.318],[1.823,0],[1.318,-1.318],[0,-1.823],[-1.318,-1.286],[-1.823,0],[-1.318,1.286],[0,1.823]],"o":[[-1.318,-1.318],[-1.823,0],[-1.318,1.318],[0,1.823],[1.318,1.286],[1.823,0],[1.318,-1.286],[0,-1.823]],"v":[[21.509,-10.327],[16.797,-12.305],[12.085,-10.327],[10.107,-5.615],[12.085,-0.952],[16.797,0.977],[21.509,-0.952],[23.486,-5.615]],"c":true},"ix":2},"nm":"!","mn":"ADBE Vector Shape - Group","hd":false}],"nm":"!","np":5,"cix":2,"bm":0,"ix":1,"mn":"ADBE Vector Group","hd":false}]},"fFamily":"Georgia"},{"ch":"?","size":47.6777687072754,"style":"Regular","w":44.38,"data":{"shapes":[{"ty":"gr","it":[{"ind":0,"ty":"sh","ix":1,"ks":{"a":0,"k":{"i":[[-1.058,2.23],[-4.72,5.339],[-1.058,2.507],[0,2.377],[2.344,2.865],[6.705,0],[3.157,-2.832],[0,-3.678],[-1.123,-1.35],[-1.367,0],[-0.749,0.798],[0,1.172],[0.977,1.758],[0,1.205],[-1.628,1.335],[-2.832,0],[-2.197,-2.441],[0,-4.134],[0.586,-1.969],[1.953,-3.678],[0.797,-2.686],[0.227,-4.102],[0,0]],"o":[[1.057,-2.229],[2.962,-3.385],[1.057,-2.506],[0,-3.483],[-3.158,-3.906],[-5.404,0],[-3.158,2.832],[0,2.409],[1.123,1.351],[1.074,0],[0.748,-0.797],[0,-0.911],[-0.977,-1.758],[0,-1.562],[1.627,-1.334],[3.19,0],[2.197,2.441],[0,2.019],[-0.586,1.97],[-2.507,4.785],[-0.798,2.686],[0,0],[0.227,-3.906]],"v":[[24.097,-24.829],[32.764,-36.182],[38.794,-45.02],[40.381,-52.344],[36.865,-61.865],[22.07,-67.725],[9.229,-63.477],[4.492,-53.711],[6.177,-48.071],[9.912,-46.045],[12.646,-47.241],[13.77,-50.195],[12.305,-54.199],[10.84,-58.643],[13.281,-62.988],[19.971,-64.99],[28.052,-61.328],[31.348,-51.465],[30.469,-45.483],[26.66,-37.012],[21.704,-25.806],[20.166,-15.625],[22.168,-15.625]],"c":true},"ix":2},"nm":"?","mn":"ADBE Vector Shape - Group","hd":false},{"ind":1,"ty":"sh","ix":2,"ks":{"a":0,"k":{"i":[[1.057,-1.057],[0,-1.53],[-1.058,-1.057],[-1.498,0],[-1.074,1.057],[0,1.498],[1.057,1.058],[1.53,0]],"o":[[-1.058,1.058],[0,1.498],[1.057,1.057],[1.497,0],[1.074,-1.057],[0,-1.53],[-1.058,-1.057],[-1.498,0]],"v":[[17.651,-7.983],[16.064,-4.102],[17.651,-0.269],[21.484,1.318],[25.342,-0.269],[26.953,-4.102],[25.366,-7.983],[21.484,-9.57]],"c":true},"ix":2},"nm":"?","mn":"ADBE Vector Shape - Group","hd":false}],"nm":"?","np":5,"cix":2,"bm":0,"ix":1,"mn":"ADBE Vector Group","hd":false}]},"fFamily":"Times New Roman"}]}